track_name,artist_name,artist_count,released_year,released_month,released_day,in_spotify_playlists,in_spotify_charts,streams,in_apple_playlists,in_apple_charts,in_deezer_playlists,in_deezer_charts,in_shazam_charts,bpm,key,mode,danceability,valence,energy,acousticness,instrumentalness,liveness,speechiness
Seven feat Latto Explicit Ver,Latto and Jung Kook,2,2023,7,14,553,147,141381703.0,43,263,45.0,10,826.0,125,B,Major,80,89,83,31,0,8,4
LALA,Myke Towers,1,2023,3,23,1474,48,133716286.0,48,126,58.0,14,382.0,92,C#,Major,71,61,74,7,0,10,4
vampire,Olivia Rodrigo,1,2023,6,30,1397,113,140003974.0,94,207,91.0,14,949.0,138,F,Major,51,32,53,17,0,31,6
Cruel Summer,Taylor Swift,1,2019,8,23,7858,100,800840817.0,116,207,125.0,12,548.0,170,A,Major,55,58,72,11,0,11,15
WHERE SHE GOES,Bad Bunny,1,2023,5,18,3133,50,303236322.0,84,133,87.0,15,425.0,144,A,Minor,65,23,80,14,63,11,6
Sprinter,Dave and Central Cee,2,2023,6,1,2186,91,183706234.0,67,213,88.0,17,946.0,141,C#,Major,92,66,58,19,0,8,24
Ella Baila Sola,Eslabon Armado and Peso Pluma,2,2023,3,16,3090,50,725980112.0,34,222,43.0,13,418.0,148,F,Minor,67,83,76,48,0,8,3
Columbia,Quevedo,1,2023,7,7,714,43,58149378.0,25,89,30.0,13,194.0,100,F,Major,67,26,71,37,0,11,4
fukumean,Gunna,1,2023,5,15,1096,83,95217315.0,60,210,48.0,11,953.0,130,C#,Minor,85,22,62,12,0,28,9
La Bebe  Remix,Peso Pluma and Yng Lvcas,2,2023,3,17,2953,44,553634067.0,49,110,66.0,13,339.0,170,D,Minor,81,56,48,21,0,8,33
un xto,Bad Bunny and Grupo Frontera,2,2023,4,17,2876,40,505671438.0,41,205,54.0,12,251.0,83,F#,Minor,57,56,72,23,0,27,5
Super Shy,NewJeans,1,2023,7,7,422,55,58255150.0,37,202,21.0,5,168.0,150,F,Minor,78,52,82,18,0,15,7
Daylight,David Kushner,1,2023,4,14,3528,98,387570742.0,80,156,182.0,24,,130,D,Minor,51,32,43,83,0,9,3
Kill Bill,SZA,1,2022,12,8,8109,77,1163093654.0,183,162,161.0,12,187.0,89,G#,Major,64,43,73,5,17,16,4
Cupid  Twin Ver,Fifty Fifty,1,2023,2,24,2942,77,496795686.0,91,212,78.0,6,0.0,120,B,Minor,78,76,59,43,0,34,3
Classy ,Feid and Young Miko,2,2023,3,31,2610,40,335222234.0,43,100,54.0,14,187.0,100,B,Major,86,67,66,14,0,12,16
Like Crazy,Jimin,1,2023,3,24,596,68,363369738.0,8,104,23.0,2,29.0,120,G,Major,63,36,73,0,0,36,4
LADY GAGA,Gabito Ballesteros and Junior H and Peso Pluma,3,2023,6,22,332,26,86444842.0,11,163,10.0,4,0.0,140,F,Minor,65,87,74,22,0,42,4
I Can See You Taylors Version From The ,Taylor Swift,1,2023,7,7,516,38,52135248.0,73,119,42.0,1,150.0,123,F#,Major,69,82,76,6,0,6,3
Peso Pluma Bzrp Music Sessions Vol ,Bizarrap and Peso Pluma,2,2023,5,31,1313,40,200647221.0,17,152,32.0,11,139.0,133,F,Minor,85,81,67,26,0,12,5
Popular with Playboi Carti  Madonna  The Idol Vol,The Weeknd and Madonna and Playboi Carti,3,2023,6,2,1945,87,115364561.0,74,182,87.0,14,,99,C#,Major,85,83,68,7,0,36,20
SABOR FRESA,Fuerza Regida,1,2023,6,22,250,26,78300654.0,16,149,10.0,5,168.0,130,G,Minor,79,96,86,9,0,9,9
Calm Down with Selena Gomez,Rï¿½ï¿½ma and Selena G,2,2022,3,25,7112,77,899183384.0,202,119,318.0,38,96.0,107,B,Major,80,82,80,43,0,14,4
MOJABI GHOST,Tainy and Bad Bunny,2,2023,6,29,859,40,61245289.0,35,109,41.0,14,211.0,122,F#,Minor,81,74,71,14,0,56,4
Last Night,Morgan Wallen,1,2023,1,31,2420,19,429829812.0,52,107,15.0,1,325.0,204,F#,Major,52,52,68,46,0,15,4
Dance The Night From Barbie The Album,Dua Lipa,1,2023,5,25,2988,101,127408954.0,0,0,143.0,38,0.0,110,B,Minor,67,78,85,2,0,33,5
Rush,Troye Sivan,1,2023,7,13,864,78,22581161.0,71,135,50.0,1,294.0,126,F,Minor,74,35,84,0,0,11,6
TULUM,Peso Pluma and Grupo Frontera,2,2023,6,28,266,34,52294266.0,20,185,13.0,8,197.0,168,F#,Major,56,63,87,39,0,11,5
Creepin,The Weeknd and 21 Savage and Metro Boomin,3,2022,12,2,6036,88,843957510.0,113,149,245.0,23,27.0,98,C#,Minor,71,17,61,36,0,8,5
AntiHero,Taylor Swift,1,2022,10,21,9082,56,999748277.0,242,142,165.0,9,310.0,97,E,Major,64,51,63,12,0,19,5
TQG,Karol G and Shakira,2,2023,2,23,4284,49,618990393.0,115,123,184.0,18,354.0,180,E,Minor,72,61,63,67,0,9,28
Frgil feat Grupo Front,Yahritza Y Su Esencia and Grupo Frontera,2,2023,4,7,672,34,188933502.0,19,108,24.0,9,212.0,150,F#,Major,61,39,73,37,0,11,3
Blank Space,Taylor Swift,1,2014,1,1,11434,53,1355959075.0,154,123,410.0,2,81.0,96,F,Major,75,57,68,9,0,13,6
Style,Taylor Swift,1,2014,1,1,7830,42,786181836.0,94,111,151.0,4,82.0,95,D,Major,60,48,79,0,0,12,4
TQM,Fuerza Regida,1,2023,5,19,584,28,176553476.0,16,159,15.0,6,100.0,125,F,Minor,79,96,85,27,0,11,6
El Azul,Junior H and Peso Pluma,2,2023,2,10,692,25,354495408.0,10,107,6.0,3,62.0,144,A,Minor,56,84,65,23,0,10,6
Sunflower  SpiderMan Into the SpiderVerse,Post Malone and Swae Lee,2,2018,10,9,24094,78,2808096550.0,372,117,843.0,4,69.0,90,D,Major,76,91,50,54,0,7,5
Im Good Blue,Bebe Rexha and David Guetta,2,2022,8,26,12482,80,1109433169.0,291,184,537.0,45,727.0,128,G,Minor,56,38,97,4,0,35,4
See You Again,Tyler and The Creator and Kali Uchis,3,2017,7,21,13387,64,1047101291.0,77,58,247.0,1,311.0,79,F#,Major,56,58,56,37,0,11,10
Angels Like You,Miley Cyrus,1,2020,11,27,3372,19,570515054.0,65,48,138.0,1,102.0,122,F,Major,67,49,64,10,0,10,3
Die For You,The Weeknd,1,2016,11,24,2483,59,1647990401.0,68,21,24.0,0,259.0,134,C#,Minor,59,51,52,9,0,15,7
Starboy,The Weeknd and Daft Punk,2,2016,9,21,29536,79,2565529693.0,281,137,,1,140.0,186,G,Major,68,49,59,16,0,13,28
Die For You  Remix,Ariana Grande and The Weeknd,2,2023,2,24,3408,47,518745108.0,87,86,74.0,1,16.0,67,C#,Minor,53,50,53,23,0,44,7
El Cielo,Feid and Myke Towers and Sky Rompiendo,3,2023,6,2,1298,38,107753850.0,44,64,57.0,10,110.0,106,A#,Minor,72,17,64,7,0,10,5
Baby Dont Hurt Me,David Guetta and Anne-Marie and Coi Leray,3,2023,4,6,4277,66,177740666.0,145,111,213.0,11,810.0,128,G,Major,60,23,91,0,0,12,3
AMARGURA,Karol G,1,2023,2,24,1133,39,153372011.0,14,71,23.0,10,176.0,107,F#,Minor,92,55,70,18,0,15,7
It Goes Like Nanana  Edit,Peggy Gou,1,2023,6,15,2259,59,57876440.0,0,0,109.0,17,0.0,130,G,Minor,67,96,88,12,19,8,4
Moonlight,Kali Uchis,1,2023,2,24,2649,42,256483385.0,67,79,57.0,1,615.0,137,G,Minor,64,88,72,51,0,17,5
La Bachata,Manuel Turizo,1,2022,5,26,6804,45,1214083358.0,139,111,161.0,15,210.0,125,G,Minor,84,85,68,58,0,22,4
T,dennis and MC Kevin o Chris,2,2023,5,4,731,15,111947664.0,27,17,73.0,4,167.0,130,B,Major,86,59,96,50,1,9,5
Boys a liar Pt ,PinkPantheress and Ice Spice,2,2023,2,3,5184,41,156338624.0,154,84,102.0,14,37.0,133,F,Major,70,86,81,25,0,25,5
Left and Right Feat Jung Kook of BTS,Charlie Puth and BTS and Jung Kook,3,2022,6,24,3107,39,720434240.0,38,0,4.0,0,0.0,101,D,Major,88,72,59,62,0,9,3
BESO,Rauw Alejandro and ROSALï¿½,2,2023,3,24,4053,50,357925728.0,82,121,182.0,12,171.0,95,F,Minor,77,53,64,74,0,17,14
Hey Mor,Ozuna and Feid,2,2022,10,6,4637,38,674072710.0,63,79,89.0,11,16.0,98,C#,Minor,90,40,59,0,0,10,29
Yellow,Chris Molitor,1,1999,1,1,31358,43,1755214421.0,196,2,,5,0.0,173,B,Major,43,28,66,0,0,23,3
Karma,Taylor Swift,1,2022,10,21,3818,23,404562836.0,37,55,32.0,0,272.0,90,G#,Major,64,10,62,7,0,48,7
People,Libianca,1,2022,12,2,3506,56,373199958.0,105,64,169.0,8,529.0,198,A#,Minor,59,71,42,55,0,10,7
Overdrive,Post Malone,1,2023,7,14,410,36,14780425.0,36,32,31.0,1,26.0,140,C#,Major,56,48,73,0,0,35,4
Enchanted Taylors Version,Taylor Swift,1,2023,7,7,148,24,39578178.0,32,93,8.0,2,5.0,82,G#,Major,51,22,53,1,0,15,3
BABY HELLO,Rauw Alejandro and Bizarrap,2,2023,6,23,1004,35,54266102.0,42,80,58.0,3,169.0,130,C#,Minor,77,84,89,17,0,43,5
golden hour,JVKE,1,2022,7,15,4511,36,751134527.0,70,58,109.0,18,230.0,94,C#,Minor,51,14,59,65,18,25,3
Quevedo Bzrp Music Sessions Vol ,Bizarrap and Quevedo,2,2022,7,6,8506,45,1356565093.0,94,65,164.0,14,176.0,128,D,Major,62,55,78,1,3,23,4
Viva La Vida,Coldplay,1,2008,1,1,33898,62,1592909789.0,233,0,,9,0.0,138,F,Minor,49,42,62,9,0,11,3
Here With Me,d4vd,1,2022,7,17,3246,23,635412045.0,94,85,68.0,1,84.0,132,E,Major,58,27,48,50,0,12,3
Unholy feat Kim Petras,Sam Smith and Kim Petras,2,2022,9,22,8576,42,1230675890.0,216,108,331.0,26,154.0,131,D,Major,71,24,47,1,0,27,9
Yandel ,Yandel and Feid,2,2022,12,20,3618,38,585695368.0,47,74,80.0,14,194.0,168,F#,Minor,78,58,73,5,0,10,7
CORAZN VA,Maria Becerra,1,2023,6,22,370,20,43857627.0,12,16,18.0,4,93.0,98,C#,Major,68,40,79,33,0,30,6
Riptide,Vance Joy,1,1975,1,1,31123,55,2009094673.0,300,65,,1,0.0,102,C#,Major,48,50,73,43,0,15,4
Until I Found You with Em Beihold  Em Beihold Ver,Em Beihold and Stephen Sanchez,2,2022,4,22,2790,30,600976848.0,60,96,71.0,0,115.0,101,A#,Major,34,32,57,78,0,20,3
Novidade na ,Mc Livinho and DJ Matt D,2,2023,6,23,267,9,39709092.0,9,6,25.0,2,72.0,130,F,Major,63,36,34,76,0,35,9
Back To December Taylors Version,Taylor Swift,1,2023,7,7,139,17,39228929.0,16,72,5.0,0,8.0,142,D,Major,50,20,64,1,0,12,3
STAY with Justin Bieber,Justin Bieber and The Kid Laroi,2,2021,7,9,17050,36,2665343922.0,492,99,798.0,31,0.0,170,C#,Major,59,48,76,4,0,10,5
El Merengue,Marshmello and Manuel Turizo,2,2023,3,3,2114,44,223633238.0,80,75,110.0,11,323.0,124,G#,Minor,78,70,68,3,1,11,4
Me Porto Bonito,Chencho Corleone and Bad Bunny,2,2022,5,6,8870,43,1440757818.0,104,120,141.0,26,49.0,92,C#,Minor,91,43,71,9,0,9,8
Makeba,Jain,1,2015,6,22,6060,53,165484133.0,150,148,,22,,116,D,Major,82,40,66,39,51,25,7
MONTAGEM  FR PUNK,Ayparia and unxbected,2,2012,6,20,641,50,58054811.0,1,52,8.0,0,,129,A,Major,63,84,82,70,8,9,7
Fast Car,Luke Combs,1,2023,3,24,1446,12,157058870.0,57,97,35.0,0,429.0,98,G#,Major,71,67,60,19,0,12,3
What It Is Solo Version,Doechii,1,2023,3,17,804,25,95131998.0,29,76,24.0,0,162.0,172,C#,Minor,74,76,76,6,0,10,9
Coco Chanel,Bad Bunny and Eladio Carrion,2,2023,3,17,1962,38,250305248.0,28,89,29.0,5,82.0,150,D,Major,68,14,76,4,0,10,4
Dont Bl,Taylor Swift,1,2017,11,8,4875,23,685032533.0,19,45,0.0,0,10.0,136,A,Minor,62,19,53,11,0,6,4
Still With You,Jung Kook,1,2020,6,5,31,39,38411956.0,2,107,8.0,0,0.0,88,C#,Minor,53,34,47,9,0,83,4
All My Life feat J Cole,J. Cole and Lil Durk,2,2023,5,12,2175,23,144565150.0,69,145,69.0,2,478.0,143,D#,Major,83,69,44,15,0,10,33
Say Yes To Heaven,Lana Del Rey,1,2023,3,17,2000,46,127567540.0,49,105,63.0,1,0.0,100,F#,Minor,49,17,35,71,9,11,3
Snooze,SZA,1,2022,12,9,2839,25,399686758.0,58,156,42.0,1,236.0,143,F,Major,56,39,55,14,0,11,13
Summertime Sadness,Lana Del Rey,1,2011,1,1,20333,52,983637508.0,89,143,,3,200.0,112,C#,Minor,56,24,66,7,0,12,3
Take Two,BTS,1,2023,6,9,674,47,118482347.0,20,106,25.0,4,78.0,93,G,Major,62,57,59,3,0,38,3
Lover,Taylor Swift,1,2012,1,1,8448,23,882831184.0,160,110,163.0,0,5.0,206,G,Major,43,50,55,50,0,15,10
Too Many Nights feat Don Toliver  with Future,Future and Metro Boomin and Don Toliver,3,2022,12,2,2110,58,286400165.0,17,119,19.0,2,266.0,88,G,Minor,68,17,71,15,0,11,5
Chemical,Post Malone,1,2023,4,14,2528,39,172825906.0,56,91,59.0,3,486.0,170,D,Major,50,37,90,0,0,12,5
Mockingbird,Eminem,1,2004,1,1,12985,61,1241559043.0,49,98,,5,204.0,84,E,Minor,62,24,67,21,0,13,28
New Jeans,NewJeans,1,2023,7,7,77,35,29562220.0,8,166,4.0,4,34.0,134,E,Minor,81,53,72,51,0,12,5
Primera Cita,Carin Leon,1,2022,4,20,266,27,77309611.0,6,40,6.0,6,202.0,158,A#,Major,54,50,40,61,0,10,6
Cold Heart  PNAU Remix,Dua Lipa and Elton John and Pnau,3,2017,11,10,21097,52,1605224506.0,384,135,,37,312.0,116,C#,Major,80,92,80,4,0,10,3
Dandelions,Ruth B.,1,2017,4,28,3423,21,1116995633.0,41,100,59.0,1,32.0,117,C#,Major,61,45,69,2,0,9,3
Bones,Imagine Dragons,1,2021,3,11,4198,44,838079900.0,98,108,327.0,17,153.0,114,F,Minor,77,65,72,2,0,7,5
Set Fire to the Rain,Adele,1,2011,1,1,14739,43,1163620694.0,88,112,,5,519.0,108,D,Minor,61,47,68,0,0,13,3
Money Trees,Kendrick Lamar and Jay Rock,2,2012,1,1,26792,32,1093605526.0,69,113,695.0,0,458.0,144,E,Minor,74,37,53,7,0,21,10
Tak Segampang Itu,Anggi Marito,1,2022,12,2,213,6,179659294.0,7,6,0.0,0,48.0,130,F,Major,51,18,44,76,0,11,3
LAGUNAS,Jasiel Nuï¿½ï¿½ez and Peso P,2,2023,6,22,58,18,39058561.0,2,106,4.0,2,184.0,116,B,Major,77,79,62,33,1,15,3
Mine Taylors Version,Taylor Swift,1,2023,7,7,99,15,36912123.0,21,52,6.0,1,0.0,121,G,Major,65,49,78,0,0,17,4
Everybody Wants To Rule The World,Tears For Fears,1,1985,2,17,41751,25,1205951614.0,101,32,,0,666.0,112,G,Major,64,54,81,36,0,11,6
No Role Modelz,J. Cole,1,2014,12,9,21164,36,1791000570.0,80,65,476.0,0,14.0,100,A#,Minor,70,47,52,30,0,6,33
Tattoo,Loreen,1,2023,2,25,2988,59,201660859.0,74,102,145.0,18,925.0,150,D#,Minor,55,30,78,24,0,12,8
Rara Vez,Taiu and Milo j,2,2023,2,8,893,38,248088961.0,19,23,24.0,3,88.0,120,F,Minor,84,96,71,18,0,34,17
VAGABUNDO,Sebastian Yatra and Manuel Turizo and Beï¿½ï,3,2023,5,12,1094,34,90839753.0,40,58,47.0,8,203.0,127,B,Minor,82,89,85,4,0,23,6
august,Taylor Swift,1,2020,7,24,7324,22,607123776.0,25,81,61.0,1,44.0,90,F,Major,51,42,61,53,0,9,3
LUNA,Junior H and Peso Pluma,2,2023,6,22,201,11,55842345.0,19,117,8.0,1,74.0,128,A,Minor,75,79,63,33,0,15,4
Miracle with Ellie Goulding,Calvin Harris and Ellie Goulding,2,2023,3,10,5120,48,211050784.0,161,115,246.0,9,638.0,143,A,Major,64,31,87,4,4,8,4
Nonsense,Sabrina Carpenter,1,2022,7,15,2346,27,342897938.0,69,12,38.0,8,64.0,139,G#,Major,74,68,68,3,0,26,4
Que Vuelvas,Carin Leon and Grupo Frontera,2,2022,12,9,763,26,2762.0,21,110,21.0,9,71.0,162,A#,Major,49,78,64,19,0,11,4
Feliz Cumpleaos Fe,Feid,1,2022,8,19,3430,38,601863821.0,45,69,52.0,4,3.0,95,F,Major,87,57,55,10,0,29,7
Cant Hold Us feat Ray Dalton,Ray Dalton and Ryan Lewis and Macklemore,3,2011,8,16,6074,52,1953533826.0,201,44,,2,0.0,146,D,Major,63,88,93,3,0,10,8
lovely  Bonus Track,Billie Eilish and Khalid,2,2017,8,11,15032,30,2355719893.0,221,96,,2,136.0,115,E,Minor,35,12,30,93,0,10,3
Rauw Alejandro Bzrp Music Sessions Vol ,Rauw Alejandro and Bizarrap,2,2023,6,21,871,32,66902503.0,25,59,32.0,5,88.0,128,B,Major,78,59,65,10,0,26,5
Queencard,(G)I-DLE,1,2023,5,15,451,33,96273746.0,10,126,7.0,0,148.0,130,E,Minor,82,69,83,3,0,27,5
OMG,NewJeans,1,2023,1,2,1783,27,430977451.0,26,124,15.0,1,22.0,127,A,Minor,80,74,77,36,0,11,4
Radio,Lana Del Rey,1,2011,1,1,9389,46,284819874.0,24,122,282.0,3,368.0,150,D,Major,42,20,86,21,0,9,9
Shakira Bzrp Music Sessions Vol ,Shakira and Bizarrap,2,2023,1,11,5724,44,721975598.0,119,108,254.0,29,22.0,122,D,Minor,78,50,63,27,0,9,5
Trance with Travis Scott  Young Thug,Travis Scott and Young Thug and Metro Boomin,3,2022,12,2,1682,46,276259178.0,24,90,30.0,1,176.0,119,C#,Minor,75,48,53,18,0,18,34
Tere Vaaste From Zara Hatke Zara Bachke,Sachin-Jigar and Shadab Faridi and Altamash Farid,5,2023,5,22,182,8,54225632.0,3,88,1.0,0,52.0,110,G,Minor,76,96,72,32,0,9,4
Perfect,Ed Sheeran,1,2017,1,1,16596,13,2559529074.0,7,0,,0,0.0,95,G#,Major,60,17,45,16,0,11,2
Romantic Homicide,d4vd,1,2022,7,20,2335,23,681583126.0,82,55,50.0,0,9.0,132,F#,Major,56,20,55,45,1,32,3
Believer,Imagine Dragons,1,2017,1,31,18986,23,2594040133.0,250,121,,10,31.0,125,A#,Minor,77,74,78,4,0,23,11
Novo Balan,Veigh and Bvga Beatz and Supernova Ent and Prod M,4,2023,5,19,283,7,81102253.0,6,9,26.0,1,66.0,124,D#,Minor,84,65,50,67,0,13,6
Gol Bolinha Gol Quadrado ,Mc Pedrinho and DJ 900,2,2023,6,1,293,8,11956641.0,5,2,30.0,2,66.0,133,B,Minor,93,68,65,42,0,12,25
Without Me,Eminem,1,2002,1,1,21081,43,1687664027.0,98,76,,5,0.0,112,G,Major,92,67,66,0,0,36,9
Stargirl Interlude,The Weeknd and Lana Del Rey,2,2016,11,24,1275,32,611700552.0,13,8,5.0,0,1.0,90,F,Minor,59,52,48,38,5,10,11
Ojitos Lindos,Bomba Estï¿½ï¿½reo and Bad B,2,2022,5,6,6135,38,1133865788.0,71,113,99.0,13,28.0,80,D#,Minor,65,27,69,8,0,53,4
Somewhere Only We Know,Keane,1,2004,1,1,20015,16,1089402494.0,107,69,,0,558.0,172,A,Major,45,33,59,6,0,8,3
Those Eyes,New West,1,2019,5,10,1507,14,411747614.0,24,71,44.0,1,195.0,120,E,Major,60,24,35,73,0,31,3
El Gordo Trae El Mando,Chino Pacas,1,2023,1,27,539,21,255932395.0,7,71,4.0,2,13.0,140,G,Minor,74,96,80,18,0,5,5
Mi Bello Angel,Natanael Cano,1,2023,6,30,86,8,31873544.0,7,76,3.0,1,93.0,128,A,Minor,81,90,77,1,0,9,5
Nosso Quadro,Ana Castela and AgroPlay,2,2023,2,2,894,9,233801632.0,14,88,66.0,3,72.0,160,A,Major,69,61,71,33,0,31,20
Locked Out Of Heaven,Bruno Mars,1,2012,12,5,1622,9,1481349984.0,0,0,356.0,0,0.0,144,F,Major,73,87,70,6,0,28,5
Un Finde  CROSSOVER ,Big One and FMK and Ke personajes,3,2023,4,4,561,14,142095275.0,4,14,12.0,5,56.0,192,B,Major,50,85,52,11,0,28,6
Counting Stars,OneRepublic,1,2013,1,1,29215,43,2011464183.0,179,97,,11,153.0,122,C#,Minor,66,48,71,6,0,12,4
PRC,Natanael Cano and Peso Pluma,2,2023,1,23,961,26,436027885.0,19,143,10.0,6,15.0,138,G,Minor,78,89,83,10,0,12,5
One Dance,Drake and WizKid and Kyla,3,2016,4,4,43257,24,2713922350.0,433,107,,0,26.0,104,C#,Major,77,36,63,1,0,36,5
Enchanted,Taylor Swift,1,2010,1,1,4564,16,621660989.0,24,101,113.0,0,40.0,164,G#,Major,45,24,62,8,0,16,3
Sure Thing,Miguel,1,2010,5,25,13801,19,950906471.0,137,125,435.0,6,285.0,81,B,Minor,68,51,60,3,0,19,10
Every Breath You Take  Remastered ,The Police,1,1983,1,6,22439,19,1593270737.0,211,74,929.0,0,129.0,117,C#,Major,82,73,45,54,0,7,3
The Night We Met,Lord Huron,1,2015,2,2,18515,35,1410088830.0,70,82,939.0,1,162.0,174,D,Major,45,10,37,97,25,64,4
We Found Love,Rihanna and Calvin Harris,2,2011,1,1,36843,21,1235005533.0,321,91,,1,58.0,128,C#,Major,73,60,77,3,0,11,4
Let Me Down Slowly,Alec Benjamin,1,2018,5,25,5897,19,1374581173.0,0,0,885.0,0,0.0,150,C#,Minor,65,51,55,73,0,14,3
Am I Dreaming Metro Boomin  AAP Rocky Roisee,A$AP Rocky and Metro Boomin and Roisee,3,2023,6,2,727,16,94186466.0,17,60,28.0,1,44.0,90,A,Minor,60,13,53,4,0,21,4
Do I Wanna Know,Arctic Monkeys,1,2013,1,1,33783,26,1788326445.0,133,92,,1,26.0,85,F,Major,55,42,53,17,0,22,3
Demons,Imagine Dragons,1,2012,1,1,26694,13,1840364617.0,65,82,,4,13.0,180,D#,Major,33,38,71,20,0,28,5
,YOASOBI,1,2023,4,12,356,16,143573775.0,35,102,8.0,1,117.0,166,C#,Major,57,84,94,11,0,37,9
Reminder,The Weeknd,1,2016,11,25,6518,17,684675814.0,45,85,238.0,1,47.0,160,G#,Major,71,40,50,16,0,16,22
Shake It Off,Taylor Swift,1,2014,1,1,21335,13,1113838873.0,328,70,,9,20.0,160,G,Major,65,95,80,5,0,41,16
Whyd You Only Call Me When Youre High,Arctic Monkeys,1,2013,1,1,23389,29,1267333350.0,54,70,,2,1.0,92,D,Major,70,81,63,4,0,8,4
Shape of You,Ed Sheeran,1,2017,1,6,32181,10,3562543890.0,33,0,,7,0.0,96,C#,Minor,83,93,65,58,0,9,8
Creep,Radiohead,1,1992,9,21,36724,7,1271293243.0,146,72,,5,80.0,92,G,Major,53,12,34,1,0,12,4
Cars Outside,James Arthur,1,2019,10,18,794,10,265882712.0,38,25,61.0,0,263.0,150,A,Major,34,24,56,4,0,11,3
Apocalypse,Cigarettes After Sex,1,2017,3,21,13091,17,841749534.0,61,96,790.0,2,116.0,94,F,Major,37,17,47,2,46,11,3
Cheques,Shubh,1,2023,5,19,67,8,47956378.0,7,10,0.0,0,57.0,90,E,Minor,74,36,63,26,0,27,5
Pink  White,Frank Ocean,1,2016,8,20,21574,30,806397070.0,112,68,266.0,1,39.0,160,A,Major,54,54,55,67,0,42,11
Just The Way You Are,Bruno Mars,1,2010,1,1,21106,13,1641426668.0,82,0,,0,0.0,109,F,Major,63,46,85,1,0,9,5
Take Me To Church,Hozier,1,2013,9,13,23804,31,2135158446.0,187,99,,1,0.0,129,E,Minor,57,41,66,63,0,12,5
Bebe Dame,Fuerza Regida and Grupo Frontera,2,2022,12,16,849,22,367316268.0,27,129,21.0,7,111.0,157,G,Major,54,75,60,30,0,7,5
You Belong With Me Taylors Ve,Taylor Swift,1,2021,4,9,2619,12,350381515.0,47,90,1.0,0,7.0,130,F#,Major,63,49,73,5,0,9,3
Titi Me Pregunt,Bad Bunny,1,2022,5,6,9037,42,1264310836.0,124,133,139.0,14,166.0,107,F,Minor,65,19,72,10,0,13,25
Better Than Revenge Taylors Version,Taylor Swift,1,2023,7,7,86,11,30343206.0,3,33,3.0,0,1.0,146,B,Minor,50,67,89,0,0,19,8
Shut up My Moms Calling,Hotel Ugly,1,2020,2,10,1788,14,405136812.0,1,50,19.0,0,19.0,139,A,Minor,48,37,41,32,0,10,10
Es un Secreto,Plan B,1,2010,7,20,492,36,540654286.0,4,3,19.0,0,0.0,95,F#,Minor,84,52,77,12,0,7,4
POLARIS  Remix,Feid and Mora and Saiko and Quevedo,4,2023,6,8,773,33,57312735.0,20,46,21.0,8,99.0,170,G#,Minor,62,55,80,15,0,37,7
Ditto,NewJeans,1,2022,12,19,1154,22,397582059.0,28,125,11.0,1,51.0,134,F#,Minor,81,18,64,3,0,10,11
Take On Me,a-ha,1,1984,10,19,44927,17,1479115056.0,34,0,,6,0.0,84,F#,Minor,57,86,90,2,0,9,5
Annihilate SpiderMan Across the SpiderVerse Metro,Swae Lee and Lil Wayne and Offset and Metro Boomi,4,2023,6,2,551,4,86773632.0,13,46,20.0,1,10.0,146,B,Minor,61,20,48,21,0,12,6
Angel Pt  feat Jimin of BTS JVKE  Muni Long,Kodak Black and NLE Choppa and Muni Long and JVKE,5,2023,5,1,577,14,133753727.0,22,18,15.0,1,0.0,74,A#,Minor,53,24,67,11,0,10,28
Acrs,Shakira,1,2023,5,11,955,29,123124076.0,37,50,79.0,11,31.0,144,B,Major,75,35,48,84,0,10,12
AMG,Natanael Cano and Gabito Ballesteros and Peso Plu,3,2022,11,24,995,19,463564958.0,12,117,9.0,5,3.0,136,B,Minor,77,79,73,15,0,27,10
Phir Aur Kya Chahiye From Zara Hatke Zara Bachke,Arijit Singh and Sachin-Jigar and Amitabha Bhatta,3,2023,5,15,178,6,64533040.0,6,71,1.0,0,31.0,100,E,Major,56,53,55,53,0,12,4
SClass,Stray Kids,1,2023,6,2,290,19,65496046.0,9,101,5.0,0,73.0,105,F,Minor,89,67,78,9,0,7,33
Hits Different,Taylor Swift,1,2023,5,26,547,0,68616963.0,15,15,6.0,0,0.0,106,F,Major,67,24,78,15,0,30,4
Chanel,Becky G and Peso Pluma,2,2023,3,30,681,10,161460990.0,15,92,21.0,2,26.0,132,D,Major,85,53,68,40,0,9,4
Self Love SpiderMan Across the SpiderVerse Metro ,Metro Boomin and Coi Leray,2,2023,6,2,332,5,70106975.0,18,41,5.0,0,19.0,120,A,Major,78,5,30,21,0,13,5
Area Codes,Kaliii and Kaliii,2,2023,3,17,1197,13,113509496.0,44,34,25.0,1,171.0,155,C#,Major,82,51,39,2,0,9,49
Abcdario,Junior H and Eden Muï¿½ï,2,2023,5,13,262,5,89933133.0,8,60,4.0,1,109.0,129,G#,Major,70,42,43,78,0,11,3
Obsessed,Abhijay Sharma and Riar Saab,2,2022,9,29,161,6,71007139.0,10,79,2.0,0,42.0,135,F,Minor,80,85,74,62,0,8,9
Piman De,Semicenk and Doï¿½ï¿½u ,2,2023,6,2,185,3,43522589.0,5,6,4.0,1,33.0,98,A#,Minor,73,45,62,28,0,13,13
FLOWER,JISOO,1,2023,3,31,839,18,232896922.0,20,110,20.0,0,69.0,124,A,Minor,84,64,39,3,0,11,4
All The Way Live SpiderMan Across the SpiderVerse,Future and Lil Uzi Vert and Metro Boomin,3,2023,6,2,259,0,37126685.0,5,17,5.0,0,0.0,135,A,Minor,77,28,55,18,0,22,15
Eyes Closed,Ed Sheeran,1,2023,3,23,2915,30,195576623.0,116,69,107.0,3,675.0,107,D,Major,78,39,53,30,0,11,6
Escapism,RAYE and 070 Shake,2,2022,10,12,5129,25,532336353.0,116,84,114.0,18,348.0,96,D,Major,54,25,74,14,0,9,11
La Jumpa,Arcangel and Bad Bunny,2,2022,11,30,3794,34,538115192.0,47,77,53.0,10,8.0,123,G#,Major,71,58,70,30,0,32,19
Karma feat Ice Spice,Taylor Swift and Ice Spice,2,2023,5,26,588,0,46142772.0,23,21,31.0,0,0.0,90,G#,Major,62,7,62,6,0,58,6
Superhero Heroes  Villains with Future  Chris Bro,Future and Chris Brown and Metro Boomin,3,2022,12,2,2959,16,401036314.0,41,69,38.0,0,36.0,117,F,Minor,72,45,59,14,0,20,21
Las Morras,BLESSD and Peso Pluma,2,2023,4,4,291,8,127026613.0,8,78,4.0,1,1.0,133,A,Minor,78,90,84,31,0,7,4
CHORRITO PA LAS ANIMAS,Feid,1,2022,12,2,2321,36,345031710.0,29,65,34.0,5,3.0,96,G#,Minor,74,61,83,11,0,35,6
Ch y la Pizza,Fuerza Regida and Natanael Cano,2,2022,12,1,536,10,288101651.0,10,72,8.0,3,14.0,149,G#,Major,66,85,60,40,0,14,13
Snow On The Beach feat More Lana Del Rey,Lana Del Rey and Taylor Swift,2,2023,5,26,359,2,60350538.0,1,0,9.0,0,0.0,110,F#,Minor,66,32,40,81,0,11,3
Players,Coi Leray,1,2022,11,30,4096,6,335074782.0,118,48,143.0,0,240.0,105,F#,Major,95,62,52,3,0,5,16
Bite Me,ENHYPEN,1,2023,5,22,349,69,76767396.0,8,96,5.0,0,56.0,105,C#,Major,80,69,78,28,0,11,14
Stand By Me feat Morgan Wallen,Lil Durk and Morgan Wallen,2,2023,5,26,381,5,46065667.0,23,82,6.0,0,113.0,134,B,Major,76,61,58,6,0,16,3
Normal,Feid,1,2022,7,8,2461,36,459276435.0,47,66,45.0,5,6.0,170,E,Minor,71,59,56,4,0,27,12
Hummingbird Metro Boomin  James Blake,James Blake and Metro Boomin,2,2023,6,2,277,1,39666245.0,1,20,5.0,0,1.0,81,F#,Major,59,26,60,46,1,25,13
Seu Brilho Sumiu  Ao Vivo,Israel & Rodolffo and Mari Fernandez,2,2023,3,1,967,5,138517666.0,7,29,51.0,1,29.0,154,F#,Major,63,75,92,31,0,91,5
Bad Habit,Steve Lacy,1,2022,6,29,8186,12,822633917.0,155,72,131.0,16,29.0,169,C#,Major,69,69,51,63,0,38,4
CUFF IT,Beyoncï¿,1,2022,7,29,7842,10,595900742.0,215,88,330.0,26,23.0,115,G,Major,78,64,69,4,0,7,14
Lilith feat SUGA of BTS Diablo IV Anthem,Halsey and Suga,2,2023,6,5,215,6,51985779.0,6,14,8.0,2,4.0,84,A,Minor,43,14,74,1,0,19,8
,Nicky Jam and Feid,2,2023,5,18,1134,22,57945987.0,39,14,48.0,2,3.0,93,G#,Major,79,58,62,11,0,11,23
Nia Bo,Sean Paul and Feid,2,2023,4,21,1305,34,115010040.0,29,26,43.0,5,44.0,91,G,Major,82,47,62,10,0,10,15
Search  Rescue,Drake,1,2023,4,7,2066,6,175097833.0,58,70,43.0,0,182.0,142,A#,Minor,82,54,44,6,0,33,7
AMERICA HAS A PROBLEM feat Kendrick Lamar,Kendrick Lamar and Beyoncï¿,2,2023,5,19,896,0,57089066.0,34,2,33.0,0,1.0,126,C#,Major,78,20,70,1,0,16,4
Lavender Haze,Taylor Swift,1,2022,10,21,3763,8,488386797.0,51,43,38.0,10,1.0,97,A#,Major,73,10,44,26,0,16,8
Link Up Metro Boomin  Don Toliver Wizkid feat BEA,WizKid and Toian and Metro Boomin and Don Toliver,5,2023,6,2,197,0,32761689.0,3,10,3.0,0,0.0,101,F,Major,92,59,51,41,51,26,8
Efecto,Bad Bunny,1,2022,5,6,4004,33,1047480053.0,34,65,43.0,6,2.0,98,G,Minor,80,23,48,14,0,6,5
Erro Gostoso  Ao Vivo,Simone Mendes,1,2023,1,27,984,5,153454328.0,8,57,76.0,2,49.0,154,F#,Major,59,63,89,18,0,80,9
Cupido,Tini,1,2023,2,14,1240,24,217672943.0,51,29,63.0,4,54.0,120,A,Major,91,63,58,52,0,31,22
Just Wanna Rock,Lil Uzi Vert,1,2022,10,17,3995,13,457184829.0,72,27,47.0,0,0.0,150,B,Major,49,4,55,7,0,6,3
Until I Found You,Stephen Sanchez,1,2021,9,1,4427,4,726434358.0,69,100,154.0,20,438.0,202,A#,Major,34,25,51,69,0,18,4
Rich Flex,Drake and 21 Savage,2,2022,11,4,4657,18,573633020.0,84,84,42.0,0,23.0,153,B,Minor,56,42,52,5,0,36,24
Easy On Me,Adele,1,2021,10,14,10195,20,1406111294.0,258,87,657.0,22,9.0,142,F,Major,60,13,37,58,0,13,3
Carto B,MC Caverinha and KayBlack,2,2023,5,11,269,4,71573339.0,7,2,30.0,1,11.0,108,A,Minor,84,55,47,26,0,20,64
Danger Spider Offset  JID,Offset and JID,2,2023,6,2,214,0,24975653.0,3,3,6.0,0,0.0,143,B,Major,83,25,69,4,0,23,12
Oi Balde  Ao Vivo,Zï¿½ï¿½ Neto & Crist,1,2023,2,14,845,2,145458418.0,12,57,47.0,1,33.0,108,D,Major,67,55,67,60,0,80,5
The Real Slim Shady,Eminem,1,2000,1,1,20763,27,1424589568.0,81,53,,1,17.0,104,F,Minor,95,78,66,3,0,4,6
MERCHO,Migrantes and LiL CaKe and Nico Valdi,3,2022,12,16,1267,20,231332117.0,41,22,56.0,4,84.0,93,F#,Minor,84,96,79,43,0,18,11
The Color Violet,Tory Lanez,1,2021,12,10,2585,32,415932686.0,3,79,21.0,1,54.0,105,F#,Minor,65,46,53,16,0,9,5
Glimpse of Us,Joji,1,2022,6,10,6330,6,988515741.0,109,42,158.0,3,31.0,170,G#,Major,44,27,32,89,0,14,5
Mejor Que Yo,Mambo Kingz and DJ Luian and Anuel Aa,3,2023,5,4,675,1,50847624.0,9,13,11.0,0,1.0,178,C#,Minor,62,56,66,18,0,12,5
Curtains,Ed Sheeran,1,2023,5,5,715,0,39893489.0,37,3,27.0,0,50.0,176,F#,Minor,50,44,76,10,0,32,5
UNFORGIVEN feat Nile Rodgers,Nile Rodgers and LE SSERAFIM,2,2023,5,1,327,13,92035115.0,14,110,9.0,0,49.0,104,E,Minor,80,38,88,11,0,11,5
Haegeum,Agust D,1,2023,4,21,244,12,118810253.0,6,84,10.0,2,9.0,85,G,Major,70,83,84,31,0,47,30
Conexes de Mfia feat Rich ,Rich The Kid and Matuï¿,2,2023,4,30,385,4,77233241.0,17,7,41.0,1,29.0,117,F#,Minor,77,69,58,39,0,26,5
Never Felt So Alone,Labrinth,1,2023,4,7,1730,3,117747907.0,46,5,51.0,0,20.0,98,F,Major,44,36,41,50,0,38,5
X SI VOLVEMOS,Karol G and Romeo Santos,2,2023,2,2,2127,33,266624541.0,45,80,53.0,8,4.0,178,C#,Minor,79,58,78,34,0,11,25
ceilings,Lizzy McAlpine,1,2022,4,8,3242,9,293186992.0,67,55,48.0,0,6.0,148,A,Major,51,27,33,48,0,22,3
Cupid,Fifty Fifty,1,2023,2,24,526,10,139681964.0,15,93,30.0,0,320.0,120,D,Major,77,94,66,65,0,38,3
I AM,IVE,1,2023,4,10,366,15,123132751.0,16,102,7.0,0,55.0,122,E,Minor,68,38,88,1,0,8,5
Cupid  Twin Ver FIFTY FIFTY  Spe,sped up 8282,1,1997,1,1,472,2,103762518.0,0,0,6.0,0,0.0,144,F,Major,74,75,73,42,0,9,4
Shorty Party,Cartel De Santa and La Kelly,2,2023,3,4,432,12,162887075.0,8,14,12.0,2,33.0,96,D,Major,93,47,47,33,0,10,36
Super,SEVENTEEN,1,2023,4,24,271,12,91221625.0,16,103,9.0,0,55.0,137,G#,Major,77,35,88,16,0,17,9
Slut Me Out,NLE Choppa,1,2022,4,22,816,4,190490915.0,21,4,13.0,0,4.0,121,F#,Minor,94,71,61,12,0,53,42
Double Fantasy with Future,The Weeknd and Future,2,2023,4,21,1169,0,96180277.0,36,65,28.0,0,0.0,119,A,Minor,60,10,57,1,0,50,3
All Of The Girls You Loved Before,Taylor Swift,1,2019,8,23,1282,6,185240616.0,26,6,19.0,0,5.0,96,D,Major,72,40,47,71,0,13,4
PROVENZA,Karol G,1,2022,4,21,6587,34,885093467.0,114,104,147.0,11,20.0,111,C#,Major,87,53,52,66,1,11,5
Princess Diana with Nicki Minaj,Nicki Minaj and Ice Spice,2,2023,4,14,1444,4,104992946.0,0,0,0.0,0,0.0,148,A,Major,90,74,68,14,0,10,19
Di Que Si,Grupo Marca Registrada and Grupo Frontera,2,2023,2,3,356,10,147290338.0,4,64,4.0,2,37.0,182,A,Major,57,80,59,8,0,6,5
Igualito a Mi Ap,Fuerza Regida and Peso Pluma,2,2022,12,30,265,6,158950978.0,8,84,5.0,1,4.0,145,E,Minor,76,80,81,19,0,6,9
Shoong feat LISA of BLACKPINK,TAEYANG and Lisa,2,2023,4,25,351,9,76910644.0,16,90,10.0,0,64.0,110,B,Minor,76,26,70,1,0,41,6
Komang,Raim Laode,1,2022,8,16,158,4,137123880.0,5,6,1.0,1,18.0,134,G,Major,70,35,41,41,0,10,3
DESPECH,ROSALï¿½,1,2022,7,28,7613,33,782369383.0,180,90,422.0,15,55.0,130,G,Major,92,78,62,18,0,6,10
Made You Look,Meghan Trainor,1,2022,10,21,3956,6,502574952.0,142,23,127.0,3,16.0,145,A#,Major,84,88,53,35,0,8,7
Watch This  ARIZONATEARS Pluggnb Remix,sped up nightcore and ARIZONATEARS and Lil Uzi Ve,3,2023,2,5,1638,10,207033255.0,0,0,21.0,0,0.0,130,B,Minor,69,36,90,1,10,15,4
Punto G,Quevedo,1,2022,11,4,1985,35,381161027.0,34,26,37.0,5,1.0,92,B,Minor,75,55,76,25,0,10,15
Lovers Rock,TV Girl,1,2014,6,5,6339,13,466231982.0,3,1,36.0,1,37.0,105,F,Minor,56,57,87,0,1,10,4
METAMORPHOSIS,INTERWORLD,1,2021,11,25,1561,24,357580552.0,18,78,24.0,0,30.0,175,G,Minor,59,15,64,43,90,12,10
Mami Chula,Quevedo and Jhayco,2,2023,4,27,875,4,61105704.0,17,13,27.0,0,43.0,120,G,Minor,80,33,70,22,0,9,4
En Paris,El Chachito and Junior H,2,2022,12,24,406,5,198275403.0,3,31,2.0,1,0.0,139,D#,Minor,70,77,48,37,0,12,5
I Was Never There,The Weeknd and Gesaffelstein,2,2018,3,29,4188,15,705469769.0,30,70,142.0,0,27.0,114,A#,Major,32,17,74,14,0,17,3
Dont ever say love me feat RM of BTS,RM and Colde,2,2023,5,4,105,0,34502215.0,5,9,5.0,0,0.0,145,B,Minor,54,19,48,36,0,37,5
Gato de Noche,Nengo Flow and Bad Bunny,2,2022,12,22,2651,30,304118600.0,21,55,32.0,3,0.0,94,G#,Major,89,61,66,17,0,36,16
Call Out My Name,The Weeknd,1,2018,3,29,11087,6,1449799467.0,151,107,801.0,1,105.0,134,C#,Major,45,17,60,21,0,33,4
Like Crazy English Version,Jimin,1,2023,3,24,373,19,173627354.0,4,72,5.0,0,5.0,120,G,Major,62,32,76,0,0,39,4
Rosa Pastel,Jasiel Nuï¿½ï¿½ez and Peso P,2,2023,2,2,200,4,90025258.0,8,77,2.0,1,1.0,123,G,Minor,70,86,68,24,0,11,4
Sunroof,Nicky Youre and Dazy,2,2021,12,3,3741,17,652704649.0,156,35,110.0,19,0.0,131,A#,Major,77,84,71,35,0,15,4
Lose Yourself  Soundtrack Version,Eminem,1,2002,1,1,32502,21,1829992958.0,247,54,,1,51.0,171,D,Major,70,6,73,1,0,36,26
Superman,Eminem and Dina Rae,2,2002,5,26,7615,14,655466831.0,18,51,,0,0.0,130,E,Minor,80,64,76,2,0,20,6
Mas Rica Que Ayer,Mambo Kingz and DJ Luian and Anuel Aa,3,2023,3,2,1208,34,146409671.0,10,41,20.0,0,1.0,94,B,Major,82,53,67,34,0,9,8
People Pt feat IU,IU and Agust D,2,2023,4,7,209,4,95816024.0,4,45,11.0,2,24.0,89,G,Minor,73,44,57,39,0,32,6
REMIX EXCLUSIVO,Feid,1,2023,3,17,1235,9,117206995.0,20,8,15.0,0,6.0,87,F,Minor,65,71,56,4,0,15,20
Arcngel Bzrp Music Sessions Vol,Arcangel and Bizarrap,2,2023,3,22,654,3,100409613.0,11,3,18.0,1,1.0,124,B,Minor,72,79,78,55,0,15,30
DOGTOOTH,Tyler and The Creator,2,2023,3,27,1479,0,80758350.0,23,0,18.0,0,33.0,78,G#,Major,71,80,65,51,0,22,32
,Tiï¿½ï¿½sto and Tate M,2,2022,11,1,4942,26,325592432.0,190,104,147.0,18,63.0,120,G#,Major,70,70,79,7,0,18,10
SORRY NOT SORRY,Tyler and The Creator,2,2023,3,31,709,0,58473276.0,8,1,13.0,0,0.0,96,F#,Minor,48,50,80,40,0,37,20
HAPPY,NF,1,2023,3,25,660,0,52722996.0,22,7,11.0,0,78.0,106,G,Major,73,22,86,31,0,12,4
La Bebe,Yng Lvcas,1,2021,12,24,489,17,191945597.0,4,11,5.0,1,2.0,170,D,Minor,78,75,46,62,0,12,35
I Know  PRSVX Edit,Kanii and PR1ISVX,2,2023,3,24,407,0,77377503.0,16,15,5.0,0,1.0,134,B,Minor,67,11,76,8,47,30,7
Late Night Talking,Harry Styles,1,2022,5,20,7461,8,743693613.0,166,42,199.0,16,58.0,115,A#,Major,71,90,73,30,0,11,5
Le,Marï¿½ï¿½lia Mendo,1,2022,12,9,993,4,267789608.0,30,84,88.0,1,28.0,130,F#,Major,74,79,87,45,0,30,3
Something in the Orange,Zach Bryan,1,2022,4,22,3282,12,449701773.0,67,84,46.0,16,117.0,110,G,Major,59,22,38,42,0,12,3
VOID,Melanie Martinez,1,2023,3,29,596,0,67070410.0,29,9,12.0,0,52.0,100,A,Major,72,42,66,18,4,19,4
Dijeron Que No La Iba Lograr,Fuerza Regida and Chino Pacas,2,2023,3,14,320,6,116334601.0,5,48,2.0,1,9.0,142,G,Minor,70,76,79,26,0,11,7
If We Ever Broke Up,Mae Stephens,1,2023,2,10,2040,4,165584767.0,81,27,66.0,9,444.0,116,G,Major,90,96,73,62,0,9,4
You Proof,Morgan Wallen,1,2022,5,13,2128,9,367814306.0,37,88,9.0,0,14.0,120,A,Major,73,64,85,25,0,61,3
LA INOCENTE,Feid and Mora,2,2022,4,1,2598,37,477033549.0,28,57,43.0,8,85.0,92,F,Minor,76,46,79,31,0,7,6
Malas Decisiones,Kenia OS,1,2022,10,26,542,2,156214700.0,23,2,21.0,0,0.0,110,G#,Minor,81,64,79,5,0,31,3
Murder In My Mind,Kordhell,1,2022,1,21,2459,20,448843705.0,20,68,50.0,0,22.0,120,A#,Major,71,57,97,1,0,13,11
CAIRO,Karol G and Ovy On The Drums,2,2022,11,13,2418,26,294352144.0,52,66,55.0,1,16.0,115,F,Minor,95,43,69,47,0,9,31
I Love You So,The Walters,1,2014,11,28,7536,7,972164968.0,44,19,135.0,0,6.0,76,A#,Major,58,46,67,65,0,13,4
Dark Red,Steve Lacy,1,2017,2,20,10431,7,920045682.0,71,53,181.0,0,10.0,172,F#,Major,60,77,78,45,0,12,6
Say You Wont Let Go,James Arthur,1,2016,9,9,15722,16,2420461338.0,231,37,,0,13.0,99,A#,Major,40,45,56,69,0,9,5
Heart To Heart,Mac DeMarco,1,2019,5,10,1640,0,244658767.0,27,27,29.0,1,1.0,150,G#,Minor,90,64,14,67,35,11,10
Peaches from The Super Mario Bros Movie,Jack Black,1,2023,4,7,34,0,68216992.0,0,0,0.0,0,0.0,92,A#,Minor,71,41,31,79,0,10,5
Marisola  Remix,Duki and NICKI NICOLE and Cris Mj and Standly and,5,2022,12,15,1845,16,223582566.0,20,8,30.0,2,0.0,95,C#,Major,77,72,87,17,0,7,5
LOKERA,Brray and Rauw Alejandro and Lyanno,3,2022,7,25,3301,30,471819764.0,72,64,64.0,6,3.0,102,B,Minor,83,58,83,21,0,10,5
Numb,Linkin Park,1,2003,3,24,20111,5,1361425037.0,39,0,,0,0.0,110,A,Major,50,24,86,0,0,64,4
on the street with J Cole,j-hope and J. Cole,2,2023,3,3,615,2,116599790.0,22,82,8.0,0,9.0,94,B,Minor,68,81,82,53,0,9,13
One Thing At A Time,Morgan Wallen,1,2022,12,2,811,4,148469433.0,11,58,5.0,0,21.0,142,G,Major,61,92,91,0,0,26,3
Miss You,Robin Schulz and Oliver Tree,2,2022,8,5,5730,10,497225336.0,108,16,197.0,3,165.0,145,F#,Minor,59,20,74,1,0,15,5
Aint Tha,Morgan Wallen,1,2023,3,3,356,4,88791109.0,4,20,0.0,0,0.0,121,F#,Minor,64,67,80,0,0,36,3
Thinkin B,Morgan Wallen,1,2023,3,3,604,6,125917280.0,22,101,0.0,0,66.0,140,D#,Minor,66,43,76,49,0,12,3
Private Landing feat Justin Bieber  Future,Don Toliver and Future and Justin Bieber,3,2023,2,23,1190,0,105062254.0,29,3,18.0,0,19.0,137,C#,Minor,84,44,67,8,0,11,6
Everything I Love,Morgan Wallen,1,2023,1,31,579,0,95623148.0,11,54,0.0,0,103.0,104,G#,Major,56,72,85,0,0,15,3
Heaven,Niall Horan,1,2023,2,17,1553,2,144584800.0,61,6,48.0,0,150.0,92,F,Major,57,68,76,7,0,33,3
LET GO,Central Cee,1,2022,12,15,2301,20,298063749.0,49,23,110.0,0,8.0,146,D,Minor,74,51,45,86,0,21,38
Sial,Mahalini,1,2023,1,23,134,4,166570053.0,4,6,0.0,0,23.0,120,D,Major,56,20,43,89,0,12,4
I Wrote The Book,Morgan Wallen,1,2023,1,31,430,0,83021468.0,15,17,0.0,0,0.0,144,D,Major,68,83,81,9,0,8,4
Apna Bana Le From Bhediya,Arijit Singh and Sachin-Jigar,2,2022,11,5,86,0,139836056.0,11,101,0.0,0,48.0,94,A,Major,59,44,56,80,0,6,3
SPIT IN MY FACE,ThxSoMch,1,2022,10,31,629,14,303216294.0,32,3,9.0,0,0.0,94,G#,Major,73,65,79,5,2,11,6
PLAYA DEL INGL,Myke Towers and Quevedo,2,2022,12,15,1701,15,221409663.0,30,15,34.0,2,47.0,113,G,Minor,79,66,74,8,0,11,5
Man Made A Bar feat Eric Church,Morgan Wallen and Eric Church,2,2023,3,3,329,0,58890931.0,14,35,1.0,0,0.0,148,E,Major,50,49,76,12,0,12,3
Red Ruby Da Sleeze,Nicki Minaj,1,2023,3,3,1168,0,81419389.0,45,11,20.0,0,21.0,98,C#,Major,70,29,73,12,0,11,26
Kahani Suno ,Kaifi Khalil,1,2022,5,31,162,6,156777415.0,1,10,1.0,0,1.0,140,B,Major,58,26,38,91,0,10,4
Nobody Gets Me,SZA,1,2022,12,9,2536,6,284908316.0,59,100,58.0,13,2.0,100,G,Major,36,28,28,81,0,18,3
PERO T,Karol G and Quevedo,2,2023,2,23,387,11,93438910.0,11,15,14.0,3,1.0,140,F#,Major,86,68,79,39,0,11,29
Hype Boy,NewJeans,1,2022,8,1,892,17,363472647.0,20,119,12.0,2,7.0,100,E,Minor,59,78,94,27,0,29,23
Bloody Mary,Lady Gaga,1,2011,1,1,3909,0,372476382.0,66,26,277.0,3,734.0,100,A,Minor,59,49,65,2,0,13,3
 Braves,Morgan Wallen,1,2023,3,3,282,0,56533272.0,6,15,0.0,0,0.0,142,D,Major,49,48,67,10,0,26,3
WANDA,Quevedo,1,2023,1,20,888,22,175399345.0,11,24,7.0,1,7.0,176,E,Minor,72,96,63,25,0,21,7
Thought You Should Know,Morgan Wallen,1,2022,5,6,968,4,203221468.0,16,53,1.0,0,61.0,140,F#,Major,53,51,70,49,0,14,3
In The End,Linkin Park,1,2000,10,24,25065,6,1624165576.0,63,0,,2,0.0,105,D#,Minor,55,40,90,1,0,32,6
Zona De Perigo,Leo Santana,1,2022,12,8,531,4,134294498.0,20,1,71.0,2,0.0,135,F,Major,81,97,77,75,0,35,3
Lovezinho,Treyce,1,2022,7,28,242,0,70069745.0,12,2,13.0,0,4.0,128,E,Minor,82,61,59,30,0,12,4
I Like You A Happier Song with Doja Cat,Post Malone and Doja Cat,2,2022,6,3,5281,14,609293408.0,94,21,80.0,15,38.0,101,F,Major,74,43,69,12,0,12,7
Neverita,Bad Bunny,1,2022,5,6,2590,30,671365962.0,20,64,35.0,6,0.0,122,A#,Major,88,43,50,7,0,14,5
Sem Aliana no ,MC Xenon and Os Gemeos da Putaria,2,2022,12,23,454,4,93587665.0,6,1,21.0,0,1.0,83,C#,Major,53,40,36,73,0,11,33
Enemy with JID  from the series Arcane League of ,Imagine Dragons and League of Legends and JID and,4,2021,9,3,6180,7,1223481149.0,122,88,580.0,21,10.0,77,B,Minor,72,59,76,24,0,42,28
Revenge,XXXTENTACION,1,2017,8,25,3600,11,1022258230.0,7,0,203.0,0,2.0,140,B,Minor,75,18,25,78,0,11,26
Bombonzinho  Ao Vivo,Israel & Rodolffo and Ana Castela,2,2022,11,3,1254,6,263453310.0,26,69,73.0,2,6.0,158,C#,Major,65,72,95,31,0,92,5
LA CANCI,J Balvin and Bad Bunny,2,2019,6,28,6398,31,1435127549.0,177,109,305.0,3,5.0,176,G,Major,75,43,65,15,0,11,32
Qu Ago,Yuridia and Angela Aguilar,2,2022,10,20,660,15,236857112.0,19,59,18.0,5,52.0,98,B,Major,73,88,57,56,0,5,2
Love Again,The Kid Laroi,1,2023,1,27,1283,0,147538971.0,57,4,48.0,0,0.0,107,B,Minor,66,47,40,72,0,11,3
After Hours,The Weeknd,1,2020,2,19,8084,6,698086140.0,45,115,218.0,1,221.0,109,F,Minor,66,16,57,10,1,12,3
About Damn Time,Lizzo,1,2022,7,15,2332,2,723894473.0,0,0,25.0,0,0.0,109,A#,Minor,84,72,74,10,0,34,7
,Fujii Kaze,1,2020,5,20,685,14,403097450.0,24,94,9.0,0,23.0,158,F#,Minor,60,52,76,17,0,19,5
Besos Moja,Wisin & Yandel and ROSALï¿½,2,2022,9,29,2460,13,309483971.0,53,7,56.0,3,1.0,94,F,Minor,74,64,73,6,0,10,6
Maan Meri Jaan,King,1,2022,10,12,288,6,319566866.0,11,80,1.0,0,8.0,96,F#,Minor,70,40,51,35,0,10,4
Moscow Mule,Bad Bunny,1,2022,5,6,4572,33,909001996.0,74,113,85.0,9,2.0,100,F,Minor,80,29,67,29,0,12,3
My Universe,Coldplay and BTS,2,2021,9,24,6127,13,1061966512.0,0,0,0.0,0,0.0,105,A,Major,58,42,68,1,0,14,4
LLYLM,ROSALï¿½,1,2023,1,27,1838,0,124988687.0,105,41,114.0,1,59.0,170,F#,Minor,56,56,63,13,0,19,27
TRUSTFALL,P!nk,1,2023,1,27,2098,16,134255790.0,88,24,101.0,7,451.0,122,G#,Major,64,25,89,0,0,15,9
ANTIFRAGILE,LE SSERAFIM,1,2022,10,17,761,12,301051721.0,23,95,11.0,0,3.0,105,A#,Minor,88,82,80,8,0,11,8
Boys a liar,PinkPantheress,1,2022,11,30,1225,0,156338624.0,27,0,28.0,13,0.0,133,F,Major,66,74,84,25,0,21,4
Shirt,SZA,1,2022,10,28,3469,0,309653982.0,71,95,31.0,0,2.0,120,D#,Minor,82,55,45,15,3,9,10
Lift Me Up  From Black Panther Wakanda Forever  M,Rihanna,1,2022,10,28,3311,0,297328960.0,129,31,212.0,1,41.0,177,A,Major,25,17,30,90,0,13,3
STAR WALKIN League of Legends Worlds Anthem,Lil Nas X,1,2022,9,22,2616,0,332506354.0,113,17,208.0,0,192.0,142,D,Minor,64,31,72,15,0,9,5
Sex Drugs Etc,Beach Weather,1,2016,11,4,3006,16,480507035.0,47,60,87.0,12,124.0,144,E,Minor,57,47,84,1,1,52,4
Boy With Luv feat Halsey,Halsey and BTS,2,2019,4,12,4260,0,1065580332.0,113,92,259.0,0,1.0,120,B,Minor,65,80,86,9,0,19,10
Hey Mickey,Baby Tate,1,2016,9,27,482,0,122763672.0,9,1,12.0,4,3.0,135,D,Major,92,73,51,55,0,15,6
Jhoome Jo Pathaan,Arijit Singh and Vishal Dadlani and Sukriti Kakar,6,2022,12,22,138,4,1365184.0,13,78,2.0,0,0.0,105,G,Major,82,62,74,10,0,33,7
Escapism  Sped Up,RAYE and 070 Shake,2,2022,11,25,1368,0,184308753.0,12,1,11.0,0,8.0,108,F#,Minor,44,38,77,9,0,9,20
Te Felicito,Shakira and Rauw Alejandro,2,2022,4,21,4796,9,606361689.0,124,66,212.0,13,1.0,174,F,Major,70,57,64,23,0,8,32
Mu,Steve Aoki and Tini and La Joaqui,3,2023,1,12,658,6,120972253.0,33,7,53.0,2,0.0,90,A#,Minor,68,83,71,3,0,31,8
TV,Billie Eilish,1,2022,7,21,3009,2,338564981.0,68,89,65.0,0,25.0,141,E,Minor,41,9,25,84,1,14,4
Im Not The Only One,Sam Smith,1,2014,1,1,17492,3,1606986953.0,136,24,,0,30.0,82,F,Major,68,50,49,56,0,8,4
Heather,Conan Gray,1,2020,3,20,6170,7,1301799902.0,82,1,231.0,0,2.0,92,F,Major,47,25,43,62,0,32,3
Besharam Rang From Pathaan,Vishal-Shekhar and Shilpa Rao and Caralisa Montei,6,2022,12,12,130,4,140187018.0,21,79,2.0,0,0.0,116,G#,Minor,77,65,80,6,0,15,4
Sugar Rush Ride,TOMORROW X TOGETHER,1,2023,1,27,359,0,107642809.0,12,56,13.0,0,13.0,125,A#,Minor,71,83,89,1,0,17,9
WAIT FOR U feat Drake  Tems,Drake and Future and Tems,3,2022,4,27,5491,14,556585270.0,128,84,75.0,0,35.0,83,C#,Major,46,34,64,31,0,7,34
Dont Start Now,Dua Lipa,1,2019,10,31,27119,0,2303033973.0,532,77,,3,8.0,124,B,Minor,79,68,79,1,0,10,8
After Dark,Mr.Kitty,1,2014,8,8,1776,14,646886885.0,1,9,3.0,0,0.0,140,G#,Major,58,4,60,7,41,8,3
MIDDLE OF THE NIGHT,Elley Duhï¿,1,2020,1,10,4057,8,872137015.0,78,21,240.0,1,52.0,186,E,Minor,41,9,61,2,0,12,5
Atlantis,Seafret,1,2015,4,22,3045,6,571386359.0,43,53,134.0,1,32.0,166,G#,Minor,40,23,48,5,0,12,3
Evoque Prata,DJ Escobar and MC MENOR SG and MC MENOR HR,3,2022,9,9,852,0,174006928.0,14,1,50.0,0,0.0,87,G,Major,87,52,52,31,0,28,24
How Do I Say Goodbye,Dean Lewis,1,2022,8,5,2163,15,284785823.0,72,97,58.0,0,154.0,82,G#,Major,40,39,64,21,0,7,7
Blind,SZA,1,2022,12,9,1484,0,163284000.0,22,51,12.0,0,0.0,114,A,Minor,46,60,28,91,0,21,4
Die For You,Joji,1,2022,11,4,1703,0,246390068.0,38,45,36.0,16,0.0,148,G#,Major,47,15,52,38,13,29,5
Doja,Central Cee,1,2022,7,20,4169,44,482257456.0,57,44,183.0,1,11.0,140,F#,Major,91,97,57,38,0,40,29
Gatita,Bellakath,1,2022,10,3,1054,0,168684524.0,9,0,15.0,0,1.0,101,G,Major,90,76,81,15,24,33,6
Rumble,Skrillex and Flowdan and Fred again..,3,2022,1,17,2849,0,78489819.0,39,45,27.0,0,1.0,140,C#,Minor,81,6,84,5,23,6,6
Niagara Falls Foot or  with Travis Scott   Savage,Travis Scott and 21 Savage and Metro Boomin,3,2022,12,2,1602,0,195516622.0,12,22,12.0,0,2.0,88,G,Minor,49,24,66,19,0,18,29
Yonaguni,Bad Bunny,1,2021,6,4,9644,28,1260594497.0,120,86,164.0,4,0.0,180,C#,Major,64,44,65,28,0,14,12
Super Freaky Girl,Nicki Minaj,1,2022,8,12,4827,0,428685680.0,104,17,76.0,9,2.0,133,D,Major,95,91,89,6,0,31,24
Running Up That Hill A Deal With God,Kate Bush,1,1985,9,16,21811,0,1024858327.0,117,1,676.0,3,0.0,108,A#,Minor,63,20,55,72,0,6,6
Dream On,Aerosmith,1,1973,1,5,168,0,838586769.0,0,0,5.0,0,0.0,80,F,Minor,39,24,43,39,0,23,3
Limbo,Freddie Dredd,1,2022,8,11,688,0,199386237.0,14,1,17.0,0,2.0,75,B,Minor,80,46,62,3,6,11,46
Where Are You Now,Lost Frequencies and Calum Scott,2,2021,7,30,10565,44,972509632.0,238,122,557.0,17,58.0,121,F#,Minor,67,26,64,52,0,17,10
WORTH NOTHING,Twisted and Oliver Tree,2,2022,9,28,1612,0,213438580.0,34,54,34.0,0,2.0,140,D,Minor,58,17,62,18,0,20,8
KICK BACK,Kenshi Yonezu,1,2022,10,12,574,4,210038833.0,38,101,26.0,0,0.0,102,C#,Major,58,29,94,0,0,9,11
Evergreen You Didnt Deserve Me A,Omar Apollo,1,2022,4,8,2499,0,227918678.0,70,0,49.0,0,0.0,82,A,Major,70,31,34,60,1,11,4
Good Days,SZA,1,2020,12,24,10426,2,826623384.0,133,109,182.0,1,10.0,121,C#,Minor,46,53,78,23,0,72,6
Levitating feat DaBaby,Dua Lipa and DaBaby,2,2020,3,27,15894,8,1802514301.0,198,13,544.0,0,60.0,103,F#,Minor,70,92,83,1,0,7,6
Shut up My Moms Calling  Sped Up,Hotel Ugly,1,2022,9,14,713,7,181831132.0,2,4,6.0,0,0.0,85,F,Minor,65,36,47,31,0,12,10
Ferrari,James Hype and Miggy Dela Rosa,2,2022,3,14,7758,28,462791599.0,173,79,175.0,0,168.0,125,C#,Minor,84,70,69,1,0,5,5
Youre On Your Own Kid,Taylor Swift,1,2022,10,21,2537,2,348647203.0,8,18,20.0,0,1.0,120,D,Major,69,40,39,41,0,13,6
Agudo Mgi,Styrx and utku INC and Thezth,3,1930,1,1,323,0,90598517.0,4,0,14.0,0,0.0,130,F#,Minor,65,49,80,22,4,7,5
Its Beginning To Look A Lot Like Christmas,Michael Bublï¿,1,2011,10,14,12353,0,807561936.0,35,0,549.0,0,0.0,93,E,Major,35,38,23,91,0,29,3
Its the Most Wonderful Time of the Year,Andy Williams,1,1963,10,14,8879,0,663832097.0,182,107,160.0,0,1.0,202,G,Major,24,76,60,77,0,12,4
Let It Snow Let It Snow Let It Snow,Dean Martin,1,1959,11,16,6512,0,446390129.0,88,1,277.0,0,0.0,134,C#,Major,45,72,24,91,0,18,4
Underneath the Tree,Kelly Clarkson,1,2013,10,25,6596,0,485285717.0,144,99,251.0,0,0.0,160,G#,Major,51,69,81,0,0,21,5
Feliz Navidad,Josï¿½ï¿½ Felic,1,1970,11,1,3788,0,520034544.0,21,3,10.0,0,0.0,148,D,Major,50,96,82,47,0,34,4
Holly Jolly Christmas,Michael Bublï¿,1,2011,10,14,7655,0,476244795.0,5,0,291.0,0,0.0,151,G,Major,65,70,47,87,0,9,4
Mistletoe,Justin Bieber,1,2011,1,1,9577,0,629173063.0,195,111,310.0,0,0.0,162,F#,Minor,67,88,54,51,0,9,4
Sleigh Ride,The Ronettes,1,1963,11,22,10114,0,404664135.0,114,74,262.0,0,0.0,92,D,Major,53,84,77,40,0,32,3
Seek  Destroy,SZA,1,2022,12,9,1007,0,98709329.0,5,31,1.0,0,0.0,152,C#,Major,65,35,65,44,18,21,7
Love Language,SZA,1,2022,12,9,1127,0,110849052.0,16,63,8.0,0,0.0,65,A,Minor,71,55,26,85,0,13,8
Happy Xmas War Is Over,John Lennon and The Harlem Community Choir and Th,4,1971,12,1,10829,0,460492795.0,130,1,390.0,0,0.0,147,D,Major,33,39,61,32,0,77,3
Used feat Don Toliver,SZA and Don Toliver,2,2022,12,8,1042,0,94005786.0,7,29,3.0,0,0.0,150,A#,Minor,73,71,69,53,0,32,9
The Christmas Song Merry Christmas To You  Remast,Nat King Cole,1,1946,11,1,11500,0,389771964.0,140,72,251.0,0,0.0,139,C#,Major,36,22,15,84,0,11,4
Wonderful Christmastime  Edited Version  Remaster,Paul McCartney,1,1979,11,16,1685,0,403939487.0,1,0,29.0,0,0.0,95,B,Major,75,74,58,36,0,9,3
Ghost in the Machine feat Phoebe Bridgers,SZA and Phoebe Bridgers,2,2022,12,9,1634,0,110073250.0,16,20,4.0,0,0.0,125,F#,Major,62,59,43,84,3,11,5
Merry Christmas Everyone,Shakin' Stevens,1,1984,1,1,1087,0,351636786.0,90,35,5.0,0,0.0,101,C#,Minor,72,91,87,14,0,13,3
Let It Snow Let It Snow Let It Snow,Frank Sinatra and B. Swanson Quartet,2,1950,1,1,10585,0,473248298.0,126,108,406.0,0,0.0,143,D,Major,60,86,32,88,0,34,6
SOS,SZA,1,2022,12,9,827,0,73981293.0,6,18,1.0,0,0.0,119,G,Minor,51,51,66,67,0,9,23
Open Arms feat Travis Scott,SZA and Travis Scott,2,2022,12,8,1420,4,155653938.0,13,87,17.0,0,46.0,78,A,Major,67,22,59,76,1,15,16
White Christmas,Bing Crosby and John Scott Trotter & His Orchestr,3,1942,1,1,11940,0,395591396.0,73,79,123.0,0,0.0,96,A,Major,23,19,25,91,0,40,3
Driving Home for Christmas   Remaster,Chris Rea,1,1986,1,1,888,0,429504768.0,50,0,6.0,0,0.0,180,A,Major,51,87,58,36,0,18,4
Christmas Baby Please Come Home,Darlene Love,1,1963,11,22,9122,0,242767149.0,121,58,212.0,0,0.0,126,D#,Major,34,35,76,39,0,8,5
Gone Girl,SZA,1,2022,12,9,892,0,65362788.0,3,17,2.0,0,0.0,150,F,Major,43,42,44,57,0,15,6
FF,SZA,1,2022,12,9,989,0,67540165.0,5,9,1.0,0,0.0,90,D,Major,53,47,74,9,0,34,4
Notice Me,SZA,1,2022,12,9,819,0,62019074.0,14,22,0.0,0,0.0,160,F,Major,72,78,68,28,0,11,12
Its Beginning to Look a Lot Like Christmas with M,Perry Como and The Fontane Sisters and Mitchell A,3,1958,1,1,6290,0,295998468.0,89,39,158.0,0,0.0,113,G,Major,73,72,32,77,0,15,5
Antidepresan,Mabel Matiz and Mert Demir,2,2022,11,4,313,2,136689549.0,10,6,7.0,1,9.0,100,B,Minor,70,92,59,3,0,10,3
Wild Flower with youjeen,RM,1,2022,12,2,353,2,135611421.0,2,74,14.0,0,2.0,155,G#,Major,49,42,77,3,0,12,9
I Hate U,SZA,1,2021,12,3,4094,0,356709897.0,66,96,43.0,0,0.0,107,G,Minor,54,41,39,51,0,11,16
Raindrops Insane with Travis Scott,Travis Scott and Metro Boomin,2,2022,12,2,880,0,110649992.0,3,7,10.0,0,0.0,112,G#,Major,80,15,54,9,0,38,5
SPIT IN MY FACE,ThxSoMch,1,2022,10,31,573,0,301869854.0,1,0,18.0,0,24.0,166,C#,Major,70,57,57,9,20,11,7
Deck The Hall  Remastered ,Nat King Cole,1,1959,1,1,3299,0,127027715.0,65,39,41.0,0,0.0,107,F#,Minor,69,96,36,81,0,8,4
Smoking on my Ex Pack,SZA,1,2022,12,9,811,0,57144458.0,6,11,3.0,0,0.0,81,G#,Major,47,33,68,24,0,22,38
Conceited,SZA,1,2022,12,9,899,0,56870689.0,2,14,2.0,0,0.0,150,C#,Major,79,77,46,5,0,11,7
Snow On The Beach feat Lana Del Rey,Taylor Swift and Lana Del Rey,2,2022,10,21,2415,0,323437194.0,33,57,30.0,0,11.0,110,A,Major,66,19,32,69,0,12,4
Maroon,Taylor Swift,1,2022,10,21,2304,0,317726339.0,12,16,14.0,0,0.0,108,G,Major,64,4,40,6,0,10,6
Tubaro Te,Dj LK da Escï¿½ï¿½cia and Tchakabum and mc jhenny,4,2022,9,28,1003,0,116144341.0,21,0,44.0,0,0.0,130,E,Minor,89,48,74,30,0,7,36
Bejeweled,Taylor Swift,1,2022,10,21,2699,0,328207708.0,39,35,22.0,2,0.0,164,G,Major,70,39,56,6,0,9,7
Tarot,Bad Bunny and Jhay Cortez,2,2022,5,6,2482,20,608228647.0,27,77,22.0,2,0.0,114,B,Minor,80,42,68,2,0,66,4
You Make It Feel Like Christmas feat Blake Shelto,Gwen Stefani and Blake Shelton,2,2005,9,20,2577,0,180577478.0,108,56,30.0,0,0.0,93,F,Major,63,93,88,1,0,12,4
Desesperados,Chencho Corleone and Rauw Alejandro,2,2021,6,25,6821,34,809306935.0,83,58,128.0,7,0.0,90,C#,Minor,87,51,69,36,0,9,8
Too Late,SZA,1,2022,12,8,714,0,49262961.0,0,9,2.0,0,0.0,128,B,Major,45,35,68,78,0,39,8
Party,Bad Bunny and Rauw Alejandro,2,2022,5,6,3185,4,614555082.0,38,64,37.0,3,36.0,97,A,Major,83,47,80,2,0,24,9
Run Rudolph Run  Single Version,Chuck Berry,1,1958,1,1,8612,0,245350949.0,120,30,52.0,0,1.0,152,G,Minor,69,94,71,79,0,7,8
Jingle Bells  Remastered ,Frank Sinatra,1,1957,1,1,4326,0,178660459.0,32,3,65.0,0,0.0,175,G#,Major,51,94,34,73,0,10,5
Far,SZA,1,2022,12,9,680,0,51641685.0,2,15,1.0,0,0.0,116,D,Major,61,48,55,67,0,16,8
On Time with John Legend,John Legend and Metro Boomin,2,2022,12,2,398,0,78139948.0,2,2,6.0,0,2.0,80,F,Minor,33,51,59,76,0,44,6
GAT,Maldy and Karol G,2,2022,8,25,3328,13,322336177.0,39,50,57.0,3,1.0,93,B,Minor,63,34,86,26,0,21,39
Is There Someone Else,The Weeknd,1,2022,1,7,2881,6,391251368.0,13,89,34.0,0,3.0,135,A,Minor,70,60,58,4,0,16,3
Fingers Crossed,Lauren Spencer Smith and Lauren Spencer Smith and,3,2022,1,5,2235,0,349585590.0,65,7,70.0,16,6.0,109,F,Major,60,45,47,62,0,31,5
Do It To It,Cherish and ACRAZE,2,2021,8,20,12403,0,674772936.0,183,63,465.0,0,11.0,125,B,Minor,85,64,81,2,5,7,9
How Do I Make You Love Me,The Weeknd,1,2022,1,7,1915,0,119238316.0,7,47,15.0,0,0.0,121,G,Minor,80,62,51,2,0,9,8
Gasoline,The Weeknd,1,2022,1,7,2297,0,116903579.0,11,29,14.0,0,0.0,123,F#,Minor,74,35,73,0,0,21,5
Infinity,Jaymes Young,1,2017,6,23,4375,0,888046992.0,24,0,396.0,0,0.0,122,B,Minor,67,50,67,15,0,30,4
Take My Breath,The Weeknd,1,2021,8,6,2597,0,130655803.0,17,80,38.0,0,0.0,121,A#,Minor,70,35,77,1,0,26,4
Here We Go Again feat Tyler the Cr,The Weeknd and Tyler and The Creator,3,2022,1,7,1420,0,88103848.0,7,18,7.0,0,0.0,135,C#,Major,41,27,64,36,0,60,3
Best Friends,The Weeknd,1,2022,1,7,1292,0,101114984.0,3,18,14.0,0,0.0,87,E,Minor,49,49,59,44,0,35,21
Kiss Me More feat SZA,SZA and Doja Cat,2,2021,4,9,15867,0,1575467011.0,382,65,497.0,0,12.0,111,G#,Major,77,74,66,30,0,13,3
I Heard Youre Married feat Lil Wayne,The Weeknd and Lil Wayne,2,2022,1,7,1178,0,91656026.0,9,10,9.0,0,0.0,110,D,Major,75,85,84,10,0,31,19
Dawn FM,The Weeknd,1,2022,1,7,811,0,53933526.0,1,8,6.0,0,0.0,78,A,Minor,27,10,49,62,0,49,5
Surface Pressure,Jessica Darrow,1,2021,11,19,1756,0,267758538.0,38,48,20.0,0,0.0,180,D,Major,65,37,58,2,0,4,31
Starry Eyes,The Weeknd,1,2022,1,7,1014,0,74601456.0,1,17,11.0,0,0.0,86,A,Minor,28,13,41,50,0,19,3
THATS WHAT I WANT,Lil Nas X,1,2021,9,17,7963,0,920797189.0,173,7,298.0,0,4.0,88,C#,Minor,74,55,85,1,0,5,22
One Right Now with The Weeknd,The Weeknd and Post Malone,2,2021,11,5,4771,0,539595276.0,68,18,75.0,0,1.0,97,C#,Major,68,72,78,4,0,7,5
Beggin,Mï¿½ï¿½ne,1,2017,12,8,8559,0,1367810478.0,183,64,964.0,9,75.0,134,B,Minor,71,59,80,13,0,36,5
Mon Amour  Remix,Aitana and zzoilo,2,2020,9,21,3221,2,578207856.0,67,13,139.0,0,40.0,116,D,Major,75,36,76,12,0,10,10
Lo Siento BB with Bad Bunny  Julieta Venegas,Julieta Venegas and Bad Bunny and Tainy,3,2021,10,5,3423,26,775542072.0,61,65,53.0,6,0.0,170,E,Minor,64,14,70,9,0,9,8
The Motto,Tiï¿½ï¿½sto and Ava,2,2021,11,4,9151,6,656013912.0,240,107,268.0,0,5.0,118,G,Minor,75,46,76,3,0,9,4
Malvad,Xamï¿½ï¿½ and Gustah and Neo B,3,2021,11,30,648,1,240684449.0,14,3,81.0,0,0.0,133,F#,Minor,82,52,61,38,0,14,27
Dont Break My,The Weeknd,1,2022,1,7,1184,0,63803529.0,1,5,6.0,0,0.0,122,A#,Major,77,25,62,34,0,23,3
Oh My God,Adele,1,2021,11,19,4431,0,466214729.0,105,7,199.0,0,0.0,88,C#,Major,53,55,73,9,0,3,5
Entre Nosotros Remix con Nicki Nicole,Lit Killah and Maria Becerra and Tiago pzk and NI,4,2022,1,5,759,3,236940480.0,32,0,12.0,0,0.0,170,F,Minor,70,61,44,40,0,37,4
A Tale By Quincy,The Weeknd,1,2022,1,7,733,0,41924466.0,0,2,2.0,0,0.0,94,F,Minor,46,55,50,71,0,10,11
I AM WOMAN,Emmy Meli,1,2021,11,18,2795,0,225259194.0,45,0,107.0,0,0.0,170,A#,Major,65,46,47,12,0,13,16
Medallo,Justin Quiles and Lenny Tavï¿½ï¿½rez and BL,3,2021,10,27,2780,2,393230256.0,54,21,57.0,1,0.0,90,E,Minor,79,79,70,57,0,66,8
Itll Be Okay,Shawn Mendes,1,2021,12,1,1950,0,287201015.0,56,8,104.0,0,10.0,78,G,Major,40,7,29,62,0,9,3
Softcore,The Neighbourhood,1,2018,3,9,3947,12,599770206.0,33,102,93.0,0,30.0,94,D,Major,57,36,58,5,0,15,3
Super Gremlin,Kodak Black,1,2021,10,30,2551,0,342779426.0,52,15,35.0,0,1.0,73,D,Major,83,11,41,0,0,36,14
Volv,Aventura and Bad Bunny,2,2021,8,3,5375,10,673801126.0,138,24,133.0,0,1.0,176,C#,Major,73,79,86,42,0,7,18
Todo De Ti,Rauw Alejandro,1,2020,11,2,11975,8,1168642797.0,188,75,268.0,6,16.0,128,D#,Minor,81,57,63,40,1,10,4
Smokin Out The Window,Bruno Mars and Anderson .Paak and Silk Sonic,3,2021,11,5,4963,0,383550148.0,63,40,76.0,0,0.0,82,D,Major,63,85,62,6,0,35,4
Meet Me At Our Spot,THE ANXIETY and Willow and Tyler Cole,3,2020,3,13,6734,0,530511203.0,47,14,90.0,0,1.0,95,D,Major,77,40,47,2,0,9,3
Tacones Rojos,Sebastian Yatra,1,2021,10,22,3047,9,510876816.0,77,31,85.0,5,28.0,123,B,Minor,75,93,86,8,0,14,3
Dakiti,Bad Bunny and Jhay Cortez,2,2020,10,30,11215,21,1763363713.0,189,166,525.0,9,25.0,110,E,Minor,73,14,57,40,0,11,5
Tiago PZK Bzrp Music Sessions Vol ,Bizarrap and Tiago pzk,2,2021,12,29,1678,12,374191487.0,20,4,15.0,1,3.0,96,C#,Minor,66,76,82,47,0,10,32
L,Stromae,1,2022,1,9,2035,0,108809090.0,41,122,394.0,0,2.0,88,D,Minor,56,58,55,35,0,23,11
Nostl,Chris Brown and Rvssian and Rauw Alejandro,3,2021,9,8,2780,2,436695353.0,86,76,59.0,0,16.0,98,A,Minor,73,60,85,17,0,24,5
Sad Girlz Luv Money Remix feat Kali Uchis,Kali Uchis and Amaarae and Moliy,3,2021,9,16,3643,0,354065229.0,69,3,70.0,0,3.0,110,C#,Minor,86,31,53,43,0,11,6
Butter,BTS,1,2021,5,21,4779,6,1143647827.0,180,135,223.0,0,5.0,110,G#,Major,79,70,36,0,0,6,11
pushin P feat Young Thug,Young Thug and Future and Gunna,3,2022,1,7,3517,0,311395144.0,54,28,43.0,0,0.0,78,C#,Minor,77,49,42,1,1,13,19
You Right,Doja Cat and The Weeknd,2,2021,6,24,5073,0,672656250.0,83,9,100.0,0,4.0,129,G#,Major,83,44,62,2,0,8,6
deja vu,Olivia Rodrigo,1,2021,4,1,7545,4,1256880657.0,117,39,141.0,0,46.0,181,A,Major,44,22,60,61,0,42,9
TO THE MOON,Jnr Choi,1,2021,11,5,2979,0,245095641.0,44,0,159.0,0,0.0,144,D,Major,74,39,65,5,1,11,35
Lost in the Fire,The Weeknd and Gesaffelstein,2,2019,1,11,7731,2,686734357.0,110,145,447.0,0,46.0,101,D,Major,66,18,68,9,0,12,4
Salimo de Noche,Trueno and Tiago pzk,2,2021,10,21,1057,0,261414174.0,17,5,21.0,0,0.0,84,D,Major,67,78,63,29,0,12,5
Volando  Remix,Sech and Bad Bunny and Mora,3,2021,7,8,3272,19,610045621.0,101,34,70.0,1,2.0,154,F#,Major,66,63,69,21,0,11,7
Leave The Door Open,Bruno Mars and Anderson .Paak and Silk Sonic,3,2021,3,5,14417,0,1115880852.0,237,123,569.0,0,10.0,148,F,Major,59,72,62,18,0,9,3
Knife Talk with  Savage ft Project Pat,Drake and Project Pat and 21 Savage,3,2021,9,3,5199,0,594482982.0,45,43,45.0,0,3.0,146,F,Minor,85,22,37,13,0,7,30
Dont Be Shy,Tiï¿½ï¿½sto and Kar,2,2021,8,1,6026,0,566954746.0,171,51,187.0,1,21.0,120,B,Minor,77,51,79,20,0,26,6
Love Grows Where My Rosemary Goes,Edison Lighthouse,1,1970,1,1,2877,0,,16,0,54.0,0,0.0,110,A,Major,53,75,69,7,0,17,3
The Family Madrigal,Olga Merediz and Stephanie Beatriz and Encanto - ,3,2021,11,19,1150,0,184937148.0,20,38,12.0,0,0.0,141,C#,Major,59,56,63,12,0,6,36
Phantom Regret by Jim,The Weeknd,1,2022,1,7,768,0,31959571.0,1,1,3.0,0,0.0,108,A,Minor,46,23,48,75,30,14,4
Freaks,Surf Curse,1,2015,5,10,3006,3,824420218.0,23,21,121.0,0,13.0,180,A,Major,35,41,94,0,63,5,5
Acapulco,Jason Derulo,1,2021,9,1,3098,0,363467642.0,111,5,182.0,1,0.0,122,A#,Major,77,51,79,5,0,16,5
Daddy Issues,The Neighbourhood,1,2015,10,30,9771,4,1127468248.0,42,70,384.0,0,3.0,85,A#,Major,59,33,52,7,15,12,3
thought i was playing,21 Savage and Gunna,2,2022,1,7,807,0,60680939.0,3,0,5.0,0,0.0,148,C#,Major,68,29,73,0,0,7,7
ELEVEN,IVE,1,2021,12,1,521,1,247737946.0,17,89,11.0,0,0.0,120,A,Major,83,59,73,6,0,5,11
What Else Can I Do,Stephanie Beatriz and Diane Guerrero,2,2021,11,19,802,0,154797871.0,13,27,8.0,0,0.0,120,E,Major,72,54,71,26,0,10,4
Miserable Man,David Kushner,1,2022,1,7,788,0,124407432.0,13,0,32.0,1,0.0,110,A#,Major,63,31,35,93,0,29,3
happier,Olivia Rodrigo,1,2021,5,21,3069,4,850608354.0,25,46,105.0,0,45.0,169,F#,Major,39,36,45,81,0,8,13
Praise God,Kanye West,1,2021,8,29,4651,0,376333030.0,24,6,105.0,0,0.0,118,C#,Major,80,21,55,1,0,26,17
Get Into It Yuh,Doja Cat,1,2021,6,25,4999,0,516784627.0,43,19,73.0,12,0.0,92,G#,Minor,91,79,66,32,0,9,16
Before You Go,Lewis Capaldi,1,2019,11,1,8327,24,1608045237.0,205,130,625.0,0,25.0,112,D#,Major,45,19,60,63,0,9,6
Sky,Playboi Carti,1,2020,12,25,3297,3,506778838.0,25,3,52.0,0,1.0,140,D,Major,79,56,91,26,0,13,21
Rolling in the Deep,Adele,1,2010,11,29,35684,6,1472799873.0,195,125,,2,78.0,105,G#,Major,73,52,76,13,0,5,3
Sobrio,Maluma,1,2021,7,8,3506,10,513643924.0,103,76,100.0,1,1.0,178,F,Major,76,63,77,14,0,15,22
Peru,Ed Sheeran and Fireboy DML,2,2021,12,23,2999,0,261286503.0,60,17,154.0,0,22.0,108,G,Minor,96,71,42,57,0,8,9
favorite crime,Olivia Rodrigo,1,2021,5,21,3681,0,783706581.0,20,21,99.0,0,7.0,173,A,Major,40,19,29,86,0,34,4
Thunder,Prezioso and Gabry Ponte and LUM!X,3,2021,5,7,4846,10,422691058.0,54,16,259.0,0,13.0,101,C#,Major,67,40,90,3,0,34,6
The Business,Tiï¿½ï¿,1,2020,1,1,14311,0,1062345656.0,255,32,582.0,0,14.0,120,G#,Minor,80,24,62,41,2,11,23
I WANNA BE YOUR SLAVE,Mï¿½ï¿½ne,1,2021,3,19,4873,0,851070493.0,65,88,434.0,3,13.0,133,C#,Major,75,96,61,0,0,18,4
Vai L Em Casa ,Marï¿½ï¿½lia Mendonï¿½ï¿½a and George Henrique &,2,2021,10,22,772,0,263894529.0,7,3,89.0,0,0.0,158,G#,Minor,46,62,83,53,0,97,28
The Feels,TWICE,1,2021,10,1,1150,0,345903614.0,20,99,44.0,0,2.0,120,A,Major,81,92,90,9,0,8,7
No Lie,Sean Paul and Dua Lipa,2,2016,11,18,7370,0,956865266.0,92,127,,0,62.0,102,G,Major,74,45,89,5,0,26,13
OUT OUT feat Charli XCX  Saweetie,Charli XCX and Jax Jones and Joel Corry and Sawee,4,2021,8,13,6890,0,427486004.0,122,11,201.0,0,1.0,124,G#,Minor,79,79,84,2,0,5,5
Pope Is a Rockstar,SALES,1,2016,4,20,1966,0,156658366.0,4,2,50.0,0,0.0,90,E,Minor,73,31,45,85,24,11,3
,Sleepy hallow,1,2021,4,14,2226,0,624515457.0,29,0,44.0,0,0.0,161,F#,Minor,78,65,52,46,0,12,31
Bored,Billie Eilish,1,2017,3,30,4204,0,777765388.0,39,45,250.0,0,0.0,120,G,Major,60,11,33,90,0,8,5
Astronaut In The Ocean,Masked Wolf,1,2019,1,1,7191,0,1138474110.0,146,18,478.0,0,7.0,150,E,Minor,78,47,70,18,0,15,9
Ley Seca,Anuel Aa and Jhay Cortez,2,2021,9,2,2012,0,355219175.0,101,12,38.0,0,0.0,105,G#,Major,76,58,84,10,0,13,10
Every Summertime,NIKI,1,2021,8,10,1211,2,290228626.0,30,2,5.0,0,6.0,79,F#,Major,63,76,67,38,0,6,4
Talking To The Moon,Bruno Mars,1,2010,10,4,7109,2,1062956628.0,5,0,862.0,0,0.0,146,C#,Minor,52,7,61,51,0,11,3
you broke me first,Tate McRae,1,2020,4,17,6638,0,1180094974.0,167,19,318.0,0,1.0,124,E,Major,64,8,37,79,0,9,5
The Nights,Avicii,1,2014,1,1,17354,8,1456081449.0,92,122,,0,55.0,126,F#,Major,53,66,85,2,0,24,4
Take My Breath,The Weeknd,1,2021,8,6,6392,0,432702334.0,174,73,344.0,0,0.0,121,G#,Major,75,53,74,2,0,11,5
Way  Sexy with Future  Young Thug,Drake and Future and Young Thug,3,2021,9,3,5481,0,489945871.0,144,30,86.0,0,0.0,136,B,Minor,80,33,60,0,0,32,14
C,Rauw Alejandro,1,2021,6,25,2636,3,465959382.0,36,82,39.0,0,5.0,102,A,Minor,77,26,63,58,0,11,5
Enemy  from the series Arcane League of Legends,Imagine Dragons and League of Legends and Arcane,3,2021,10,27,824,0,1223481149.0,8,8,8.0,2,0.0,77,G,Major,73,54,74,23,0,41,23
Lucid Dreams,Juice WRLD,1,2017,6,15,14749,0,2288695111.0,188,34,710.0,0,5.0,84,B,Minor,44,22,48,38,0,33,24
Qu M,J Balvin and Maria Becerra,2,2021,1,28,8087,0,720825549.0,92,34,131.0,0,0.0,102,G#,Major,89,77,82,3,0,17,11
All of Me,John Legend,1,2013,8,1,27221,0,2086124197.0,308,118,,2,77.0,120,G#,Major,42,33,26,92,0,13,3
Smells Like Teen Spirit  Remastered ,Nirvana,1,1991,9,10,49991,9,1690192927.0,265,121,,4,160.0,117,C#,Major,52,73,91,0,0,11,7
Fair Trade with Travis Scott,Drake and Travis Scott,2,2021,9,3,5403,6,593917618.0,118,116,96.0,0,3.0,168,C#,Major,67,29,47,5,0,22,26
Bar,Tini and L-Gante,2,2021,11,11,755,4,200972675.0,22,3,0.0,0,0.0,94,C#,Major,52,68,69,13,0,33,8
The Rumbling TV Size,SiM,1,2022,1,10,254,0,71014967.0,0,4,23.0,0,0.0,145,G#,Major,41,65,88,0,0,26,5
family ties with Kendrick Lamar,Kendrick Lamar and Baby Keem,2,2021,8,27,6308,5,560222750.0,114,15,63.0,0,2.0,134,C#,Major,71,14,61,1,0,23,33
Mr Brightside,The Killers,1,2003,9,23,51979,15,1806617704.0,306,99,,2,120.0,148,C#,Major,35,24,93,0,0,10,8
BlessedCursed,ENHYPEN,1,2022,1,10,246,0,77337771.0,2,12,10.0,0,0.0,127,E,Minor,60,40,89,9,0,60,6
AM Remix,J Balvin and Nio Garcia and Bad Bunny,3,2021,6,24,6556,0,528544703.0,93,5,67.0,1,0.0,172,F#,Minor,74,79,66,11,0,8,16
Streets,Doja Cat,1,2019,11,7,5728,0,865640097.0,85,87,179.0,0,12.0,90,B,Major,75,19,46,21,4,34,8
Shallow,Lady Gaga and Bradley Cooper,2,2018,9,27,16636,12,2159346687.0,368,155,,6,121.0,96,G,Major,57,30,40,38,0,26,3
Polaroid Love,ENHYPEN,1,2022,1,10,461,0,211372494.0,10,56,17.0,0,0.0,138,G,Minor,74,65,67,46,0,36,4
Leave Before You Love Me with Jonas Brothers,Marshmello and Jonas Brothers,2,2021,4,28,4893,4,651732901.0,143,24,110.0,0,70.0,120,G,Major,72,67,72,0,0,13,4
Permission to Dance,BTS,1,2021,7,9,1801,2,608334048.0,77,134,74.0,0,2.0,125,A,Major,70,65,74,1,0,34,4
Friday feat Mufasa  Hypeman  Dopamine ReEdit,Riton and Nightcrawlers and Mufasa & Hypeman and ,4,2021,1,15,12043,0,863756573.0,209,54,710.0,0,18.0,123,D,Major,82,80,86,1,0,30,13
RAPSTAR,Polo G,1,2021,4,9,4731,0,797402345.0,141,12,78.0,0,0.0,81,F#,Major,79,44,54,41,0,13,24
Till I Collapse,Eminem and Nate Dogg,2,2002,5,26,22923,0,1695712020.0,78,46,,1,0.0,171,C#,Major,55,10,85,7,0,8,20
Memories,Maroon 5,1,2019,9,20,9974,2,1759567999.0,272,67,,1,19.0,91,B,Major,77,60,32,84,0,8,5
Se Le Ve,Arcangel and De La Ghetto and Justin Quiles and L,8,2021,8,12,1560,0,223319934.0,72,0,0.0,0,0.0,84,G,Minor,56,61,76,10,0,14,11
k jacket feat Lil Baby,Gunna and Lil Baby,2,2022,1,7,620,0,54937991.0,17,3,3.0,0,0.0,115,F,Minor,90,74,54,16,0,13,28
EsqueaMe Se For C,Marï¿½ï¿½lia Mendonï¿½ï¿½a and Maiara &,2,2021,10,14,580,0,258316038.0,24,92,93.0,0,0.0,122,F#,Minor,80,62,69,28,0,13,7
Min,Tini and Maria Becerra,2,2021,4,29,3406,16,596152090.0,61,23,70.0,1,0.0,92,D,Major,85,92,54,16,0,29,7
S,Anuel Aa and Myke Towers and Jhay Cortez,3,2021,11,18,903,0,177129919.0,30,26,15.0,0,0.0,90,F#,Minor,63,75,75,17,0,11,8
MAMIII,Karol G and Becky G,2,2022,2,10,6809,28,716591492.0,151,102,175.0,5,29.0,94,E,Minor,84,90,70,9,0,14,8
Still DRE,Dr. Dre and Snoop Dogg,2,1999,1,1,33966,0,1210599487.0,141,78,,1,0.0,93,B,Major,81,53,78,18,0,6,24
Stay Alive Prod SUGA of BTS,Jung Kook,1,2022,2,11,590,5,246376690.0,4,113,20.0,0,1.0,130,D,Minor,51,50,76,30,0,10,7
Boyfriend,Dove Cameron,1,2022,2,11,3766,0,496311364.0,76,0,102.0,0,2.0,180,G,Minor,35,23,61,23,0,19,6
The Next Episode,Dr. Dre and Snoop Dogg,2,1999,1,1,31762,0,843309044.0,142,40,,1,953.0,95,D#,Minor,92,31,89,3,0,8,25
Light Switch,Charlie Puth,1,2022,1,19,4049,0,500340342.0,119,6,85.0,1,1.0,184,F#,Major,69,91,63,11,0,9,31
City of Gods,Kanye West and Alicia Keys and Fivio Foreign,3,2022,2,11,2096,0,107255472.0,34,3,30.0,0,0.0,147,G#,Minor,47,50,80,10,0,32,38
Brividi,Mahmood and Blanco,2,2022,2,2,1175,0,135079152.0,34,1,31.0,0,0.0,123,G,Major,52,44,60,40,0,26,3
Lost,Frank Ocean,1,2012,1,1,29499,11,822239726.0,124,27,587.0,0,4.0,123,A#,Minor,91,49,61,3,0,17,22
In Da Club,50 Cent,1,2002,1,1,30427,7,1202722675.0,235,106,,1,35.0,90,F#,Minor,90,79,71,26,0,7,37
shes all i wanna be,Tate McRae,1,2022,2,4,2711,0,343197054.0,105,12,51.0,0,12.0,160,D,Minor,61,65,64,1,0,12,4
Ginseng Strip ,Yung Lean,1,2013,8,16,4310,0,240769997.0,13,0,113.0,1,3.0,115,C#,Major,60,37,71,8,0,48,4
All For Us  from the HBO Original Series Euphoria,Labrinth and Zendaya,2,2019,8,4,5342,0,426204830.0,33,123,7.0,0,4.0,141,D#,Major,37,17,67,2,0,34,9
Notion,The Rare Occasions,1,2016,8,5,2393,0,421135627.0,22,13,65.0,0,6.0,160,A,Major,31,30,88,7,0,8,8
Formula,Labrinth,1,2019,10,4,3444,7,554875730.0,24,85,102.0,0,1.0,145,B,Major,57,23,66,4,6,15,4
Excuses,Intense and AP Dhillon and Gurinder Gill,3,2020,7,24,272,4,327498031.0,7,21,2.0,0,0.0,95,F,Minor,84,49,72,8,0,15,8
Cigarettes,Juice WRLD,1,2021,12,10,975,0,185408548.0,11,0,10.0,0,0.0,160,D,Major,60,47,62,3,0,38,4
Cay La Noche feat Cruz Cafun Abhir Hathi Bejo EL ,Quevedo and La Pantera and Juseph and Cruz Cafunï,7,2022,1,14,1034,1,245400167.0,19,5,12.0,0,0.0,174,F,Minor,67,74,75,44,0,7,30
California Love  Original Version Explicit,Dr. Dre and 2Pac and Roger,3,1995,12,28,18773,0,579395142.0,128,17,,0,0.0,92,G,Major,77,76,84,3,0,38,4
Forgot About Dre,Eminem and Dr. Dre,2,1999,1,1,19067,0,675039469.0,78,15,,0,3.0,134,G#,Major,93,61,74,9,0,17,8
Down Under feat Colin Hay,Luude and Colin Hay,2,2021,11,19,3541,2,252871192.0,57,13,50.0,1,7.0,172,B,Minor,31,4,86,1,0,28,17
Mujeriego,Ryan Castro,1,2021,12,17,1492,0,231996128.0,44,63,91.0,0,24.0,80,A,Major,76,92,62,6,0,8,13
HUMBLE,Kendrick Lamar,1,2017,3,30,33206,1,1929770265.0,284,114,,0,5.0,150,C#,Minor,91,42,60,0,0,9,12
Stan,Eminem and Dido,2,1999,11,21,17115,0,918915401.0,83,63,,0,0.0,80,F#,Minor,78,53,74,4,0,45,21
Contection,GODZZ__- and Zakaria,2,2020,1,16,6955,0,1180896317.0,65,45,398.0,0,1.0,166,A#,Minor,81,83,75,14,0,29,34
Swim,Chase Atlantic,1,2017,10,4,2742,0,498960285.0,5,1,62.0,0,0.0,120,G#,Major,67,8,54,27,0,8,4
Numb Little Bug,Em Beihold,1,2022,1,28,2026,0,258714692.0,47,3,42.0,12,6.0,85,G#,Minor,74,61,52,30,0,26,9
,Mainstreet and Chefin,2,2022,1,15,352,0,143139338.0,10,0,39.0,0,0.0,154,D,Minor,79,86,52,66,0,9,7
Problem,Alvaro Diaz and Rauw Alejandro,2,2021,10,22,1517,0,209768491.0,42,7,15.0,0,4.0,92,D,Minor,73,37,74,28,0,14,6
Bussin,Nicki Minaj and Lil Baby,2,2022,2,11,847,0,64714573.0,25,0,14.0,0,0.0,140,B,Major,89,75,70,6,0,13,5
Worst Day,Future,1,2022,2,11,910,0,50746620.0,20,3,24.0,0,0.0,89,C#,Major,65,60,60,11,0,10,40
Malvada,Zï¿½ï¿½ Fe,1,2022,1,28,601,0,154119539.0,28,73,64.0,0,0.0,135,F,Minor,89,89,86,16,0,8,5
Hrs and Hrs,Muni Long,1,2021,11,19,1800,0,181328253.0,43,36,46.0,13,4.0,140,G#,Minor,51,66,53,60,0,11,18
Alien Blues,Vundabar,1,2015,7,24,1930,0,370068639.0,3,0,28.0,0,1.0,82,D#,Major,47,44,76,8,91,9,3
Thinking Out Loud,Ed Sheeran,1,2014,1,1,33032,0,2280566092.0,363,129,,0,28.0,79,D,Major,78,58,45,47,0,18,3
Still Dont Know My Name,Labrinth,1,2019,10,4,6332,0,563902868.0,47,116,266.0,0,0.0,88,F,Major,31,31,63,47,27,21,12
Christmas Tree,V,1,2021,12,24,509,9,317622165.0,8,106,6.0,0,8.0,139,F,Major,44,18,38,70,0,12,4
When I RIP,Labrinth,1,2019,10,4,2578,0,203680270.0,8,67,66.0,0,0.0,80,G#,Minor,39,45,55,73,0,9,21
Do We Have A Problem,Nicki Minaj and Lil Baby,2,2022,2,4,1064,0,81350745.0,42,1,26.0,0,0.0,120,C#,Minor,84,54,51,47,0,12,40
Forever,Labrinth,1,2019,10,4,3618,0,282883169.0,21,86,138.0,0,2.0,80,E,Minor,56,19,46,92,72,11,3
Gospel with Eminem,Eminem and Dr. Dre,2,2022,2,4,1040,0,64787943.0,8,0,29.0,0,0.0,117,C#,Major,92,62,86,11,0,24,24
Seo,Shawn Mendes and Camila Cabello,2,2019,6,19,15010,2,2484812918.0,453,50,,1,8.0,117,A,Minor,76,77,52,4,0,8,3
NEW MAGIC WAND,Tyler and The Creator,2,2019,5,16,4708,0,461437791.0,13,7,55.0,0,1.0,140,F,Minor,62,46,73,10,0,67,11
Adore You,Harry Styles,1,2019,12,6,13454,1,1439191367.0,246,71,519.0,2,5.0,99,G#,Major,68,57,77,2,0,10,5
La Santa,Daddy Yankee and Bad Bunny,2,2020,2,29,4890,20,759208783.0,52,42,100.0,0,0.0,93,C#,Major,74,59,87,3,0,8,5
Something In The Way  Remastered ,Nirvana,1,1991,9,24,9514,0,368646862.0,45,27,,0,43.0,106,G#,Major,44,8,20,74,42,11,3
Sweetest Pie,Dua Lipa and Megan Thee Stallion,2,2022,3,11,3501,0,299634472.0,69,2,51.0,11,0.0,124,G,Major,81,68,63,17,0,10,22
Bam Bam feat Ed Sheeran,Camila Cabello and Ed Sheeran,2,2022,3,4,6111,4,756907987.0,185,40,492.0,9,35.0,95,G#,Major,76,96,70,18,0,33,4
Una Noche en Medell,Cris Mj,1,2022,1,21,5415,32,682475162.0,46,16,53.0,1,2.0,96,A#,Minor,87,82,53,10,0,5,8
Envolver,Anitta,1,2021,11,11,4673,2,546191065.0,123,113,180.0,1,4.0,92,E,Minor,81,40,73,15,0,9,8
Starlight,Dave,1,2022,3,3,1856,3,229473310.0,29,40,31.0,1,1.0,124,G,Major,95,36,37,35,0,10,28
HatiHati di Jalan,Tulus,1,2022,3,3,200,2,202677468.0,12,4,0.0,0,0.0,72,F#,Major,64,76,44,70,9,12,4
DANA,Mc Pedrinho and Pedro Sampaio,2,2022,2,1,911,2,208166039.0,45,0,99.0,1,1.0,135,A,Minor,78,55,57,4,0,10,8
Yo Voy feat Daddy Yankee,Zion & Lennox,1,2004,5,4,2954,2,527033089.0,18,82,0.0,0,5.0,95,A#,Major,81,56,70,4,0,5,24
Residente Bzrp Music Sessions Vol ,Residente and Bizarrap,2,2022,3,3,461,0,94616487.0,7,11,13.0,0,0.0,71,C#,Minor,59,70,74,56,0,11,40
Jordan,Ryan Castro,1,2021,4,30,2844,2,394030335.0,29,2,35.0,1,0.0,180,A#,Minor,80,71,68,6,0,10,37
Nail Tech,Jack Harlow,1,2022,2,18,2939,0,193443895.0,42,0,24.0,0,0.0,150,E,Minor,65,11,58,0,0,12,9
Chale,Eden Muï¿½ï,1,2022,2,18,695,11,299648208.0,16,41,13.0,1,1.0,189,G#,Major,55,86,44,40,0,7,4
Ya No Somos Ni Seremos,Christian Nodal,1,2022,2,18,866,16,319757142.0,27,84,32.0,7,11.0,140,G,Major,59,73,45,44,0,34,3
Freaky Deaky,Tyga and Doja Cat,2,2022,2,25,1729,0,153240879.0,26,1,19.0,0,0.0,104,D,Minor,80,24,65,2,0,9,4
this is what falling in love feels like,JVKE,1,2021,9,3,2005,0,346127840.0,16,5,43.0,0,7.0,129,B,Major,42,33,44,62,0,8,6
La Zona,Bad Bunny,1,2020,2,29,1188,0,312622938.0,13,1,15.0,0,1.0,94,C#,Minor,76,81,80,20,0,25,4
Hope,XXXTENTACION,1,2018,3,16,3659,0,1200808494.0,11,10,267.0,0,7.0,146,A,Minor,59,23,46,66,0,15,6
Levitating,Dua Lipa,1,2020,3,27,9833,0,797196073.0,233,82,531.0,1,1.0,103,F#,Minor,69,90,88,5,0,29,8
Wake Me Up  Radio Edit,Avicii,1,2013,1,1,50887,34,1970673297.0,315,160,,1,46.0,124,D,Major,53,66,78,0,0,16,5
jealousy jealousy,Olivia Rodrigo,1,2021,5,21,3257,0,665765558.0,10,0,70.0,0,0.0,164,A#,Minor,70,71,58,24,0,7,13
Mony so,YEAT,1,2021,9,10,1473,0,263779030.0,2,0,12.0,0,10.0,138,D,Major,69,35,57,12,0,10,9
Demasiadas Mujeres,C. Tangana,1,2020,10,8,2226,0,339473453.0,36,2,11.0,0,14.0,126,A,Minor,67,37,46,13,0,10,39
Something Just Like This,The Chainsmokers and Coldplay,2,2017,2,22,23375,21,2204080728.0,336,188,,3,30.0,103,B,Minor,61,47,65,3,0,17,4
Closer,The Chainsmokers and Halsey,2,2016,5,31,28032,0,2591224264.0,315,159,,0,44.0,95,G#,Major,75,64,52,41,0,11,3
OO,NMIXX,1,2022,2,22,290,0,135444283.0,9,66,10.0,0,0.0,200,B,Minor,39,28,77,4,0,6,29
Toms Diner,AnnenMayKantereit and Giant Rooks,2,2019,6,28,2605,0,236872197.0,15,48,50.0,0,3.0,98,F#,Minor,68,33,43,38,0,36,14
First Class,Jack Harlow,1,2022,4,8,8737,0,694525298.0,163,32,137.0,15,12.0,107,G#,Major,91,32,56,3,0,11,10
Fuera del mercado,Danny Ocean,1,2022,2,17,2499,21,421365166.0,68,24,43.0,1,0.0,92,G#,Major,45,27,67,32,0,13,14
X LTIMA,Daddy Yankee and Bad Bunny,2,2022,3,25,2697,1,349746291.0,55,3,32.0,0,0.0,90,G,Major,81,59,83,9,0,11,5
When Youre Gone,Shawn Mendes,1,2022,3,31,2092,0,255120451.0,75,11,44.0,0,14.0,147,F,Major,60,58,69,2,0,58,4
In My Head,Lil Tjay,1,2022,4,1,1185,0,190981339.0,21,0,31.0,0,0.0,143,C#,Major,68,41,55,16,0,10,12
Wait a Minute,Willow,1,2015,1,11,11985,0,924193303.0,79,80,250.0,3,10.0,101,D#,Minor,76,63,71,3,0,10,3
LOVE DIVE,IVE,1,2022,4,5,753,8,305771063.0,28,124,13.0,0,1.0,118,C#,Minor,70,54,71,0,0,33,4
Pantysito,Feid and Alejo and Robi,3,2022,3,18,2995,0,273005485.0,49,17,30.0,0,0.0,98,G,Minor,83,63,74,14,0,16,6
Chance,Paulo Londra,1,2022,4,6,225,0,89566512.0,11,0,7.0,0,0.0,138,C#,Minor,72,22,46,24,0,9,6
Cool for the Summer,Demi Lovato,1,2015,1,1,9243,0,677389855.0,155,5,577.0,0,6.0,114,F,Minor,59,30,62,1,0,8,4
psychofreak feat WILLOW,Camila Cabello and Willow,2,2022,4,7,918,0,75476209.0,24,0,52.0,0,0.0,180,G,Minor,63,45,64,34,0,9,8
Angel Baby,Troye Sivan,1,2021,9,9,1959,9,408843328.0,52,25,32.0,0,10.0,145,B,Major,56,41,57,1,0,13,3
Vampiro,Matuï¿½ï¿½ and Wiu and ,3,2022,1,30,540,4,187772591.0,26,3,39.0,0,0.0,115,G#,Minor,78,63,64,1,0,7,4
Si Quieren Frontear,De La Ghetto and Duki and Quevedo,3,2022,3,31,859,0,178512385.0,14,0,11.0,0,0.0,82,A#,Major,79,48,84,13,0,21,23
Right On,Lil Baby,1,2022,4,8,1116,0,101780047.0,31,9,15.0,0,1.0,166,D,Major,70,22,61,2,0,10,34
Thats Hilarious,Charlie Puth,1,2022,4,8,686,2,146363130.0,11,6,12.0,0,15.0,108,F#,Major,71,55,44,74,0,11,6
Soy El Unico,Yahritza Y Su Esencia,1,2022,3,25,226,0,126443991.0,5,0,4.0,0,1.0,84,E,Minor,71,63,45,45,0,11,3
RUMBAT,Daddy Yankee,1,2022,3,25,1264,0,157990698.0,20,4,52.0,0,1.0,95,D#,Minor,69,90,91,6,0,35,4
sentaDONA Remix s,Luï¿½ï¿½sa Sonza and MC Frog and Dj Gabriel do Bo,4,2022,3,17,870,0,176290831.0,32,0,49.0,0,0.0,135,D#,Minor,93,77,45,25,0,13,27
Falling,Harry Styles,1,2019,12,13,7556,0,1023187129.0,124,24,254.0,0,8.0,110,E,Major,57,6,27,84,0,9,3
Sigue,Ed Sheeran and J Balvin,2,1996,11,24,1370,0,106933107.0,46,8,60.0,0,0.0,88,G,Major,89,59,64,5,0,19,7
Fim de Semana no Rio,teto,1,2022,3,30,315,2,139193812.0,27,2,31.0,0,0.0,119,C#,Minor,87,28,50,12,0,10,10
MANIAC,Stray Kids,1,2022,3,18,651,0,212234990.0,6,188,20.0,0,0.0,120,C#,Major,58,71,80,15,0,7,41
Theres Nothing Holdin Me Back,Shawn Mendes,1,2016,9,23,12382,0,1714490998.0,229,57,,2,71.0,122,D,Major,86,97,80,36,0,9,6
IDGAF with blackbear,Blackbear and BoyWithUke,2,2022,3,18,625,0,197643795.0,10,2,13.0,0,1.0,98,F,Major,78,83,75,41,0,27,8
Golden,Harry Styles,1,2019,12,13,8429,1,807015863.0,85,24,200.0,0,2.0,140,E,Minor,45,25,84,21,0,13,6
Get Lucky  Radio Edit,Pharrell Williams and Nile Rodgers and Daft Punk,3,2013,1,1,52898,0,933815613.0,203,1,,0,0.0,116,F#,Minor,79,87,81,4,0,10,4
Aint Shit,Doja Cat,1,2021,6,25,3436,0,499710590.0,32,6,46.0,0,1.0,124,D#,Major,86,62,49,51,0,35,21
Nobody Like U  From Turning Red,Jordan Fisher and Josh Levi and Finneas O'Connell,6,2022,2,25,918,0,120847157.0,34,39,30.0,0,0.0,105,A,Minor,91,73,72,13,0,9,15
Still Life,BIGBANG,1,2022,4,5,181,0,53909146.0,16,14,7.0,0,0.0,118,G#,Major,68,24,58,44,0,6,3
Photograph,Ed Sheeran,1,2014,6,20,18778,3,2236667932.0,228,105,,0,84.0,108,E,Major,61,20,38,61,0,10,5
Love Yourself,Justin Bieber,1,2015,11,9,22730,5,2123309722.0,289,87,,0,36.0,100,E,Major,61,53,38,84,0,28,44
N,Kendrick Lamar,1,2022,5,13,5542,0,301242089.0,52,16,65.0,0,206.0,140,D#,Minor,81,39,66,38,0,12,14
About Damn Time,Lizzo,1,2022,4,14,9021,0,723894473.0,242,49,272.0,21,24.0,109,A#,Minor,84,72,74,10,0,34,7
Die Hard,Kendrick Lamar and Blxst and Amanda Reifer,3,2022,5,13,4627,0,237351106.0,38,13,32.0,0,0.0,101,C#,Minor,78,40,74,36,0,17,27
Despus de la P,Bad Bunny,1,2022,5,6,2229,0,461558540.0,27,44,24.0,0,5.0,78,F,Major,56,61,90,36,0,18,31
United In Grief,Kendrick Lamar,1,2022,5,13,2575,0,156898322.0,4,5,12.0,0,51.0,87,G#,Major,52,32,83,24,0,17,43
Father Time feat Sampha,Kendrick Lamar and Sampha,2,2022,5,13,3107,0,127309180.0,4,0,22.0,0,0.0,153,A#,Minor,55,50,78,19,0,11,35
Rich Spirit,Kendrick Lamar,1,2022,5,13,3486,0,173702135.0,20,10,33.0,0,0.0,96,A#,Minor,85,41,43,39,0,12,21
Me Fui de Vacaciones,Bad Bunny,1,2022,5,6,1443,0,305650299.0,9,11,22.0,1,0.0,85,A#,Major,71,43,65,23,0,9,5
Silent Hill,Kendrick Lamar and Kodak Black,2,2022,5,13,3028,0,123216717.0,22,0,23.0,0,0.0,140,C#,Minor,92,78,57,46,0,14,9
La Corriente,Tony Dize and Bad Bunny,2,2022,5,6,1796,8,479655659.0,8,25,18.0,1,0.0,196,B,Minor,66,58,79,23,0,22,20
Count Me Out,Kendrick Lamar,1,2022,5,13,2729,0,126191104.0,3,7,13.0,0,1.0,134,G,Major,78,51,43,69,0,14,9
Andrea,Buscabulla and Bad Bunny,2,2022,5,6,1195,0,344055883.0,8,30,13.0,1,1.0,103,C#,Minor,80,45,62,76,0,10,38
Dos Mil ,Bad Bunny,1,2022,5,6,892,3,338422004.0,10,24,11.0,0,0.0,130,C#,Major,82,50,67,12,0,13,5
We Cry Together,Kendrick Lamar and Taylour Paige,2,2022,5,13,1635,0,68895644.0,4,1,6.0,0,0.0,108,B,Major,65,52,69,31,0,8,36
Savior,Kendrick Lamar and Sam Dew and Baby Keem,3,2022,5,13,2291,0,86176890.0,9,0,8.0,0,0.0,123,G#,Major,61,66,71,53,0,32,46
Un Coco,Bad Bunny,1,2022,5,6,1029,28,403231558.0,5,28,9.0,0,0.0,152,B,Major,84,74,69,21,0,18,6
Otro Atardecer,Bad Bunny and The Marï¿½ï,2,2022,5,6,1681,7,319546754.0,10,30,13.0,0,33.0,108,D,Major,78,55,60,59,0,7,4
Worldwide Steppers,Kendrick Lamar,1,2022,5,13,1480,0,61739839.0,1,0,5.0,0,0.0,72,A#,Minor,56,56,47,76,0,8,36
Aguacero,Bad Bunny,1,2022,5,6,829,0,283359161.0,4,15,10.0,0,0.0,121,F#,Minor,86,67,65,42,0,35,7
Purple Hearts,Kendrick Lamar and Ghostface Killah and Summer Wa,3,2022,5,13,2308,0,76831876.0,7,0,7.0,0,0.0,138,D#,Minor,57,71,82,19,0,15,29
Un Verano Sin Ti,Bad Bunny,1,2022,5,6,1004,1,283332261.0,8,12,9.0,0,0.0,188,F,Minor,50,41,50,69,0,12,6
ULTRA SOLO,Polima WestCoast and Pailita,2,2022,2,14,1367,0,307752576.0,48,4,34.0,1,0.0,110,C#,Major,80,26,85,23,0,11,21
Ensame ,Bad Bunny,1,2022,5,6,1112,3,279737940.0,7,25,12.0,0,0.0,105,G#,Major,81,77,79,19,0,47,8
El Apag,Bad Bunny,1,2022,5,6,1209,0,212351890.0,9,7,14.0,0,1.0,118,G#,Major,63,60,70,5,0,9,31
Callaita,Bad Bunny and Tainy,2,2019,5,31,9539,15,1304313953.0,162,116,355.0,7,0.0,176,D,Major,61,24,62,60,0,24,31
Dua Lipa,Jack Harlow,1,2022,5,6,1992,0,150500965.0,35,0,3.0,0,0.0,158,B,Major,83,41,65,0,10,11,8
Agosto,Bad Bunny,1,2022,5,6,897,0,246127838.0,6,20,8.0,0,0.0,115,C#,Minor,85,72,58,9,0,49,12
House Of Memories,Panic! At The Disco,1,2016,1,15,2948,0,582863434.0,10,2,150.0,0,0.0,110,B,Minor,51,48,82,0,0,5,3
Mr Morale,Kendrick Lamar and Tanna Leone,2,2022,5,13,1860,0,58687425.0,1,0,3.0,0,0.0,174,A,Major,73,26,54,30,0,34,32
That That prod  feat SUGA of BTS,PSY and Suga,2,2022,4,29,802,0,212109195.0,16,81,23.0,0,0.0,130,E,Major,91,91,96,3,0,3,9
In The Stars,Benson Boone,1,2022,4,29,2224,8,382199619.0,48,40,87.0,1,210.0,78,A#,Major,36,30,54,34,0,14,5
Rich  Interlude,Kendrick Lamar,1,2022,5,13,1103,0,41210087.0,0,0,0.0,0,0.0,104,G,Major,44,74,42,88,0,9,9
SUPERMODEL,Mï¿½ï¿½ne,1,2022,5,13,2265,0,231657891.0,93,12,173.0,11,3.0,121,G,Major,64,80,88,0,0,12,6
Stefania Kalush Orchestra,KALUSH,1,2022,3,10,555,0,53729194.0,10,4,4.0,0,0.0,105,D,Major,83,32,82,14,0,12,4
Thousand Miles,The Kid Laroi,1,2022,4,22,2050,0,244741137.0,52,9,46.0,0,1.0,81,G,Major,38,20,66,9,0,9,8
Crown,Kendrick Lamar,1,2022,5,13,1493,0,42485571.0,2,0,10.0,0,0.0,170,C#,Minor,37,14,24,80,0,11,4
Auntie Diaries,Kendrick Lamar,1,2022,5,13,1545,0,37778188.0,1,0,4.0,0,0.0,78,G,Major,43,60,38,76,1,48,38
PUFFIN ON ZOOTIEZ,Future,1,2022,4,29,2350,0,254218729.0,28,42,23.0,0,0.0,125,G#,Major,88,28,66,6,0,13,31
Mirror,Kendrick Lamar,1,2022,5,13,1929,0,53603447.0,2,0,4.0,0,0.0,92,E,Minor,66,29,65,23,0,8,7
Beautiful Girl,Luciano,1,2022,4,22,710,4,160035717.0,16,11,18.0,0,0.0,140,B,Minor,84,61,42,31,0,9,9
Savior  Interlude,Kendrick Lamar,1,2022,5,13,1194,0,37091576.0,0,0,3.0,0,0.0,118,F,Minor,66,83,43,84,0,19,19
Pasoori,Shae Gill and Ali Sethi,2,2022,2,6,349,6,284249832.0,10,22,3.0,0,0.0,92,B,Minor,71,67,60,7,0,6,4
Mother I Sober feat Beth Gibbons of Portishead,Kendrick Lamar and Beth Gibbons,2,2022,5,13,1890,0,33381454.0,3,0,2.0,0,0.0,140,G#,Minor,49,50,37,87,0,11,35
TUS LGR,Sech and Mora,2,2022,4,1,1308,2,184622518.0,23,16,9.0,0,5.0,174,C#,Major,68,45,71,18,0,11,25
Where Did You Go,MNEK and Jax Jones,2,2022,1,26,4531,0,300983101.0,135,74,119.0,1,18.0,127,A#,Major,77,53,78,19,0,29,4
I Tried to Tell Yall,Ugly Dray and Tesla Jnr,2,2022,5,6,1657,0,121077868.0,15,3,3.0,0,0.0,96,B,Major,71,37,52,62,0,11,36
Honest feat Don Toliver,Justin Bieber and Don Toliver,2,2022,4,29,1351,0,106919680.0,26,1,17.0,0,0.0,150,G#,Minor,82,82,66,13,0,11,6
ZOOM,Jessi,1,2022,4,13,608,0,136996305.0,5,29,14.0,0,0.0,100,F#,Major,87,46,60,1,0,13,16
SloMo,Chanel,1,2021,12,24,1211,0,65719930.0,31,0,19.0,0,2.0,105,C#,Minor,73,59,81,13,0,9,6
FEARLESS,LE SSERAFIM,1,2022,5,2,629,0,229497852.0,18,75,9.0,0,0.0,104,G,Major,86,43,62,5,0,13,14
 Things I Hate About You,Leah Kate,1,2022,3,23,1301,0,185550869.0,23,1,15.0,0,0.0,154,G#,Major,54,45,79,1,0,17,5
SPACE MAN,Sam Ryder,1,2022,2,22,1329,0,54682594.0,42,51,32.0,0,0.0,80,B,Major,47,33,83,18,0,10,5
With you,HA SUNG WOON and Jimin,2,2022,4,24,343,2,240580042.0,4,35,11.0,1,1.0,150,D#,Major,53,14,43,64,0,13,3
Iris,The Goo Goo Dolls,1,1998,3,31,13101,9,1284942608.0,137,5,582.0,0,0.0,156,B,Minor,32,49,72,0,0,9,4
The Heart Part ,Kendrick Lamar,1,2022,5,8,2939,0,71423324.0,29,0,30.0,0,0.0,98,G#,Minor,76,79,81,18,0,6,34
San Lucas,Kevin Kaarl,1,2019,11,7,407,1,244891912.0,5,0,5.0,0,0.0,92,G,Major,58,27,36,86,0,9,3
This Love Taylors Ve,Taylor Swift,1,2022,5,6,1492,0,132171975.0,26,2,15.0,0,2.0,144,E,Major,47,7,50,32,0,7,4
Good Looking,Suki Waterhouse,1,2017,10,20,2264,0,184706613.0,11,6,25.0,0,1.0,150,E,Major,37,27,56,8,0,13,3
Flowers,Lauren Spencer Smith,1,2021,8,9,801,0,184826429.0,42,9,24.0,1,1.0,138,D#,Major,70,31,44,84,0,9,39
Yet To Come,BTS,1,2022,6,10,829,0,302006641.0,32,110,26.0,0,0.0,172,C#,Major,56,68,89,4,0,33,19
Run BTS,BTS,1,2022,6,10,736,0,330881149.0,5,132,17.0,0,3.0,77,G#,Major,72,70,82,2,0,4,17
Music For a Sushi Restaurant,Harry Styles,1,2022,5,20,4449,1,334733572.0,80,11,66.0,0,1.0,107,B,Major,72,36,72,26,6,11,4
Matilda,Harry Styles,1,2022,5,20,3218,3,366214458.0,29,10,79.0,0,0.0,114,D,Major,51,39,29,90,0,10,4
For Youth,BTS,1,2022,6,10,327,0,114546317.0,5,40,12.0,0,0.0,117,D,Major,63,29,51,43,0,25,4
Vegas From the Original Motion Picture Soundtrack,Doja Cat,1,2022,5,6,4576,0,448500832.0,79,13,93.0,0,17.0,160,G#,Minor,80,74,60,8,0,14,26
Cash In Cash Out,Pharrell Williams and Tyler and The Creator and 2,4,2022,6,10,2313,0,136676504.0,34,0,29.0,0,0.0,120,G,Major,88,15,56,1,0,8,6
Potion with Dua Lipa  Young Thug,Calvin Harris and Dua Lipa and Young Thug,3,2022,5,27,3983,0,190625045.0,73,45,119.0,0,0.0,100,B,Minor,82,76,70,16,0,8,5
Born Singer,BTS,1,2022,6,10,279,0,79095270.0,0,18,6.0,0,0.0,158,G#,Minor,60,68,84,4,0,24,11
Little Freak,Harry Styles,1,2022,5,20,2302,0,273194684.0,20,3,39.0,0,0.0,142,D#,Major,56,40,54,72,0,10,4
La Llevo Al Cielo Ft engo F,Nengo Flow and Anuel Aa and Chris Jedi and Chench,4,2022,5,20,3559,3,333146475.0,36,1,31.0,0,1.0,170,A,Minor,80,77,85,11,0,17,14
True Love,Kanye West and XXXTENTACION,2,2022,5,27,2129,0,194902696.0,23,1,44.0,1,0.0,84,F,Minor,71,39,86,2,0,51,25
Pass The Dutchie,Musical Youth,1,1982,1,1,5328,0,195918494.0,54,76,900.0,0,0.0,151,G,Major,73,88,67,20,0,32,5
Villano Antillano Bzrp Music Sessions Vol ,Bizarrap and Villano Antillano,2,2022,6,8,1401,0,248511839.0,26,16,17.0,0,1.0,128,C#,Minor,82,42,75,6,0,63,6
Love Of My Life,Harry Styles,1,2022,5,20,1933,0,233671263.0,13,2,31.0,0,0.0,118,G,Major,56,20,54,67,0,6,5
Grapejuice,Harry Styles,1,2022,5,20,1986,0,199587884.0,7,1,15.0,0,0.0,183,F,Major,65,88,72,36,14,20,3
So Good,Halsey,1,2022,6,9,1057,0,91781263.0,51,14,19.0,0,0.0,83,D#,Minor,63,29,62,4,0,18,4
Belly Dancer,BYOR and Imanbek,2,2022,2,18,5115,13,383835984.0,109,38,301.0,1,33.0,122,C#,Major,85,42,80,6,0,17,14
Keep Driving,Harry Styles,1,2022,5,20,2094,1,236060709.0,8,1,18.0,0,0.0,165,A,Major,72,90,48,32,0,18,23
Cinema,Harry Styles,1,2022,5,20,2171,0,189236868.0,18,1,28.0,0,0.0,106,A,Minor,83,90,64,35,5,9,4
Die Young feat aidan,Sleepy hallow and 347aidan,2,2022,5,25,896,0,160845341.0,19,0,15.0,0,0.0,77,B,Major,81,68,58,83,0,11,34
Only Love Can Hurt Like This,Paloma Faith,1,2014,1,1,5148,0,588955257.0,90,22,365.0,0,114.0,91,G#,Major,57,30,89,10,0,33,8
Hold My Hand,Lady Gaga,1,2022,5,3,2528,0,238350348.0,63,8,270.0,2,105.0,148,G,Major,51,21,63,5,0,41,3
Daydreaming,Harry Styles,1,2022,5,20,1900,1,187703102.0,15,1,23.0,0,0.0,114,E,Minor,71,90,81,31,2,13,3
Nos Comemos feat Ozuna,Ozuna and Tiago pzk,2,2022,6,2,896,0,138334433.0,0,0,2.0,0,0.0,92,F#,Major,83,56,82,10,0,9,5
Me and Your Mama,Childish Gambino,1,2016,11,10,8775,0,445590495.0,33,60,107.0,1,0.0,118,F,Major,56,25,45,1,3,7,3
Crazy What Love Can Do,David Guetta and Ella Henderson and Becky Hill,3,2022,3,18,5290,0,286739476.0,139,73,142.0,0,5.0,123,E,Minor,60,46,71,3,0,16,4
SLOW DANCING IN THE DARK,Joji,1,2018,9,12,10211,0,1122364376.0,38,79,65.0,0,1.0,89,D#,Major,52,28,48,54,1,19,3
Antes de Perderte,Duki,1,2022,6,2,584,8,157136970.0,12,1,8.0,0,1.0,110,F,Minor,81,61,93,49,0,12,11
,Sidhu Moose Wala,1,2021,5,15,246,4,183273246.0,4,106,0.0,0,7.0,90,B,Minor,68,54,76,21,0,11,20
En El Radio Un Cochinero,Victor Cibrian,1,2022,5,13,514,0,164856284.0,5,36,1.0,0,0.0,154,F#,Minor,70,97,62,47,0,10,4
Master of Puppets Remastered,Metallica,1,1986,3,3,6080,0,704171068.0,112,198,406.0,1,0.0,105,E,Minor,54,59,83,0,44,20,4
BREAK MY SOUL,Beyoncï¿,1,2022,6,21,9724,0,354614964.0,222,61,259.0,14,2.0,115,C#,Minor,70,87,88,4,0,26,8
ULTRA SOLO REMIX,De La Ghetto and Feid and Polima WestCoast and Pa,5,2022,6,16,2341,0,279717388.0,37,2,38.0,2,0.0,110,C#,Major,91,59,82,8,0,6,8
Massive,Drake,1,2022,6,17,5263,0,195628667.0,66,89,61.0,0,11.0,125,E,Minor,51,5,68,12,2,15,6
Betty Get Money,Yung Gravy,1,2022,6,10,2402,0,221752937.0,45,2,26.0,0,1.0,102,C#,Major,73,62,75,0,0,34,8
Ojos Marrones,Lasso,1,2022,2,6,795,11,263280370.0,26,18,15.0,1,4.0,120,G#,Minor,81,72,65,4,0,14,4
POP,Nayeon,1,2022,6,24,571,0,213505179.0,19,21,14.0,0,2.0,97,D,Major,80,36,86,4,0,3,5
Layla,Schï¿½ï¿½rze and DJ R,2,2022,3,24,832,3,130419412.0,18,124,24.0,1,0.0,140,F,Minor,44,41,92,0,0,44,7
MORE,j-hope,1,2022,7,1,565,0,155795783.0,6,52,11.0,0,0.0,97,D,Major,78,31,72,1,0,11,4
Sweet Child O Mine,Guns N' Roses,1,1987,1,1,41231,1,1553497987.0,228,151,,3,99.0,125,F#,Major,45,67,90,9,11,10,5
Last Last,Burna Boy,1,2022,5,12,4526,12,293466523.0,156,275,150.0,3,128.0,88,D#,Minor,80,55,56,13,0,8,9
Sticky,Drake,1,2022,6,17,2814,0,191448892.0,38,105,25.0,0,2.0,137,A#,Minor,88,8,49,9,0,9,14
Hot Shit feat Ye  Lil Durk,Kanye West and Lil Durk and Cardi B,3,2022,7,1,1601,0,85924992.0,11,0,2.0,0,0.0,157,A,Major,88,52,69,0,0,8,23
Ai Preto,L7nnon and DJ Biel do Furduncinho and Bianca,3,2022,6,3,894,4,176103902.0,28,0,54.0,0,0.0,130,F#,Major,95,83,57,54,0,10,25
La Loto,Anitta and Tini and Becky G,3,2022,7,6,945,0,121189256.0,49,3,57.0,0,0.0,90,C#,Major,85,80,83,10,0,8,11
die first,Nessa Barrett,1,2022,6,24,767,0,131746175.0,25,0,22.0,0,0.0,183,G#,Minor,44,44,67,7,0,12,13
Afraid To Feel,LF System,1,2022,5,2,5898,5,244790012.0,129,55,128.0,0,101.0,128,C#,Major,58,68,91,2,0,27,11
Baile no Morro,Mc Vitin Da Igrejinha and MC Tairon and DJ Win,3,2022,6,10,685,2,129314708.0,17,0,24.0,0,30.0,130,D#,Minor,71,78,40,46,0,7,45
cmo dormi,Rels B,1,2022,8,4,1452,35,331511413.0,16,15,20.0,0,0.0,126,C#,Major,63,56,43,24,0,12,23
STAYING ALIVE feat Drake  Lil Baby,Drake and DJ Khaled and Lil Baby,3,2022,8,5,2107,0,170732845.0,51,1,50.0,0,0.0,130,E,Minor,72,18,46,7,0,28,8
Si Te La Encuentras Por Ah,Feid,1,2022,8,5,1379,4,179061440.0,23,10,18.0,0,0.0,172,G#,Minor,74,46,58,15,0,13,8
GIVENCHY,Duki,1,2022,7,20,625,4,185236961.0,13,18,12.0,0,0.0,103,G#,Major,61,38,62,14,0,23,40
ALIEN SUPERSTAR,Beyoncï¿,1,2022,7,29,2688,0,171788484.0,39,47,36.0,0,0.0,122,A#,Minor,55,46,64,0,0,17,10
Mary On A Cross,Ghost,1,2019,9,13,2668,2,387080183.0,38,266,78.0,0,141.0,130,B,Major,47,56,90,0,0,10,4
Attention,NewJeans,1,2022,8,1,799,12,264717480.0,14,141,9.0,0,1.0,105,A#,Minor,81,70,65,24,0,8,4
THE SHADE,Rex Orange County,1,2022,3,11,1189,6,244928911.0,17,10,16.0,0,4.0,120,F,Major,90,73,51,39,0,9,6
Come Back Home  From Purple Hearts,Sofia Carson,1,2022,7,12,367,0,97610446.0,28,67,195.0,0,0.0,145,G,Major,56,43,53,24,0,12,4
El Rescate,Grupo Marca Registrada and Junior H,2,2022,7,22,527,4,287278853.0,10,43,3.0,1,0.0,99,G,Minor,79,64,59,28,0,11,14
Heartless,Kanye West,1,2008,1,1,17504,34,887906111.0,63,39,,0,2.0,88,A#,Minor,79,66,65,5,0,25,14
Stay With Me with Justin Timberlake Halsey  Pharr,Calvin Harris and Halsey and Pharrell Williams an,4,2022,7,15,3113,0,123473120.0,54,6,124.0,1,0.0,126,A,Major,81,90,73,28,0,29,4
JGL,Luis R Conriquez and La Adictiva,2,2022,2,18,782,9,323455692.0,15,33,6.0,1,0.0,113,G#,Major,70,97,59,55,0,27,12
Dont You Worry,David Guetta and Shakira and Black Eyed Peas,3,2022,6,16,2442,0,240918092.0,81,4,248.0,1,6.0,132,B,Major,82,49,88,20,0,21,3
Pipoco,Melody and Ana Castela and Dj Chris No Beat,3,2022,5,20,1112,4,191873381.0,22,2,65.0,1,3.0,135,G#,Major,77,74,74,47,0,34,8
Forget Me,Lewis Capaldi,1,2022,9,9,2520,4,239411309.0,93,95,84.0,9,202.0,102,C#,Minor,67,72,74,30,0,36,4
Bound ,Kanye West,1,2013,1,1,19806,7,703301727.0,33,11,274.0,0,0.0,149,C#,Major,37,28,66,14,0,9,5
Talk that Talk,TWICE,1,2022,8,26,615,0,189476119.0,14,77,15.0,1,2.0,120,D#,Minor,77,78,91,14,0,33,12
BILLIE EILISH,Armani White,1,2022,1,20,2537,0,277132266.0,49,1,67.0,11,1.0,100,C#,Major,90,75,50,11,0,9,26
Ferxxo ,Feid,1,2022,6,3,1647,30,278920007.0,20,49,23.0,2,2.0,164,G#,Minor,70,58,57,25,0,15,7
KU LO SA  A COLORS SHOW,Oxlade,1,2022,6,10,2019,8,222410722.0,117,72,107.0,1,7.0,93,A#,Minor,65,79,66,31,0,22,7
Prohibidox,Feid,1,2022,9,13,1473,12,185392587.0,25,36,25.0,1,0.0,180,C#,Minor,65,52,80,5,0,6,25
Static,Steve Lacy,1,2022,7,15,1613,0,202452860.0,21,15,13.0,0,0.0,79,C#,Major,34,22,31,43,63,10,7
The Scientist,Coldplay,1,2002,8,5,30992,6,1608164312.0,124,25,,1,0.0,146,F,Major,56,21,44,73,0,11,2
Sparks,Coldplay,1,2000,7,10,10826,4,624101957.0,24,0,805.0,0,0.0,103,C#,Major,37,17,27,75,5,10,3
Talk,YEAT,1,2022,9,2,920,0,148461629.0,10,1,8.0,0,0.0,140,E,Minor,70,26,76,8,0,54,23
XQ Te Pones As,Yandel and Feid,2,2022,9,13,308,0,47093942.0,6,1,6.0,0,0.0,92,A#,Major,81,48,70,13,0,15,7
Selfish,PnB Rock,1,2016,6,23,2468,0,380319238.0,15,0,0.0,0,0.0,102,C#,Minor,64,4,60,11,0,19,4
Sin Se,Ovy On The Drums and Quevedo,2,2022,7,22,1097,2,209106362.0,18,10,13.0,1,1.0,118,B,Minor,82,75,85,33,1,11,4
Lady Mi Amor,Feid,1,2022,9,13,330,0,53987404.0,3,0,2.0,0,0.0,93,D,Major,78,75,62,6,0,15,6
Poland,Lil Yachty,1,2022,6,23,1584,0,115331792.0,38,0,24.0,0,0.0,150,F,Minor,70,26,56,14,83,11,5
THE LONELIEST,Mï¿½ï¿½ne,1,2022,10,7,1585,5,225093344.0,78,65,328.0,1,198.0,130,D,Major,52,24,60,0,0,8,3
Bye Bye,Marshmello and Juice WRLD,2,2022,10,14,766,0,84697729.0,16,0,9.0,0,0.0,83,D#,Minor,65,24,53,6,0,51,4
BABY OTAKU,Fran C and Polima WestCoast and Nickoog Clk and P,4,2022,8,18,836,0,159240673.0,14,1,13.0,0,0.0,102,A,Major,84,43,75,5,0,6,8
Nxde,(G)I-DLE,1,2022,10,17,430,6,170709584.0,14,116,9.0,0,11.0,136,E,Minor,73,65,91,4,0,48,18
Miss You,Southstar,1,1982,5,16,2020,0,154356956.0,77,10,119.0,0,40.0,145,A,Major,66,24,58,17,0,19,5
we fell in love in october,girl in red,1,2018,11,21,6858,0,723043854.0,31,21,15.0,0,4.0,130,G,Major,57,24,37,11,18,16,3
 Be Loved Am I Ready,Lizzo,1,2022,7,14,3682,6,247689123.0,41,0,158.0,2,68.0,156,G,Major,72,92,77,9,0,8,11
Celestial,Ed Sheeran,1,2022,9,29,1639,0,176474912.0,86,14,80.0,0,37.0,123,D,Major,57,50,85,5,0,16,4
Typa Girl,BLACKPINK,1,2022,9,16,452,10,235549288.0,2,129,13.0,0,1.0,132,G,Major,92,53,62,7,0,63,10
California Breeze,Lil Baby,1,2022,10,14,991,0,85559365.0,36,38,13.0,0,3.0,162,F,Minor,74,22,67,0,0,11,46
Bamba feat Aitch  BIA,Luciano and Aitch and Bï¿½,3,2022,9,22,869,7,146223492.0,14,12,12.0,2,28.0,138,A#,Major,80,82,81,14,0,13,36
Casei Com a Putaria,MC Ryan SP and Love Funk and Mc Paiva ZS,3,2022,7,1,648,4,187701588.0,0,0,30.0,0,0.0,161,A#,Minor,59,62,60,12,0,5,44
Major Distribution,Drake and 21 Savage,2,2022,11,4,1545,0,154863153.0,22,7,15.0,0,0.0,131,G#,Minor,91,23,55,1,0,7,32
Pussy  Millions feat Travis Scott,Drake and Travis Scott and 21 Savage,3,2022,11,4,1930,0,191333656.0,24,8,17.0,0,1.0,122,E,Minor,75,45,63,6,0,35,12
Vigilante Shit,Taylor Swift,1,2022,10,21,1948,0,253650850.0,12,9,16.0,0,0.0,80,E,Minor,80,16,28,17,0,12,39
Question,Taylor Swift,1,2022,10,21,1608,0,223064273.0,10,3,12.0,0,0.0,109,G,Major,75,11,50,20,0,30,17
On BS,Drake and 21 Savage,2,2022,11,4,1338,0,170413877.0,9,20,7.0,0,0.0,158,A,Major,84,33,36,2,0,39,59
Mastermind,Taylor Swift,1,2022,10,21,1936,0,218320587.0,7,5,13.0,0,0.0,126,E,Major,66,12,35,55,0,9,14
Circo Loco,Drake and 21 Savage,2,2022,11,4,1794,0,141720999.0,26,9,17.0,0,3.0,104,C#,Major,73,25,61,1,0,32,7
Spin Bout U,Drake and 21 Savage,2,2022,11,4,1652,2,198365537.0,26,52,10.0,0,95.0,130,G,Major,77,20,70,1,0,16,5
Wouldve Couldve Shouldve,Taylor Swift,1,2022,10,21,1715,0,177503916.0,4,5,8.0,0,0.0,158,G,Major,48,55,84,43,0,15,12
Con La Brisa,Ludwig Goransson and Foudeqush,2,2022,11,4,486,0,71095708.0,8,1,7.0,0,0.0,114,D,Minor,62,25,44,51,33,14,3
Privileged Rappers,Drake and 21 Savage,2,2022,11,4,1007,0,112436403.0,6,5,3.0,0,0.0,144,F,Major,93,62,61,0,0,12,20
The Astronaut,Jin,1,2022,10,28,481,9,203436468.0,10,100,15.0,1,27.0,125,F,Major,54,22,76,0,0,14,3
BackOutsideBoyz,Drake,1,2022,11,4,1045,0,93367537.0,8,5,2.0,0,0.0,142,F,Minor,85,40,43,4,0,39,32
Broke Boys,Drake and 21 Savage,2,2022,11,4,1060,0,106249219.0,3,8,5.0,0,0.0,120,D,Major,64,11,53,1,0,25,27
The Great War,Taylor Swift,1,2022,10,21,1274,0,181382590.0,1,6,11.0,0,0.0,96,F,Major,57,55,74,22,0,8,4
My Mind  Me,Selena Gomez,1,2022,11,3,953,0,91473363.0,61,13,37.0,1,0.0,144,A,Major,60,24,39,57,0,8,3
Bigger Than The Whole Sky,Taylor Swift,1,2022,10,21,1180,0,121871870.0,4,0,8.0,0,0.0,166,F#,Major,42,7,24,83,1,12,6
A Veces feat Feid,Feid and Paulo Londra,2,2022,11,3,573,0,73513683.0,2,0,7.0,0,0.0,92,C#,Major,80,81,67,4,0,8,6
En La De Ella,Feid and Sech and Jhayco,3,2022,10,20,1320,0,133895612.0,29,26,17.0,0,0.0,97,C#,Major,82,67,77,8,0,12,5
Alone,Burna Boy,1,2022,11,4,782,2,96007391.0,27,18,32.0,1,0.0,90,E,Minor,61,32,67,15,0,11,5
